priority_rank,document_id,clause_id,clause_text,priority_score,candidate_category_signal,signal_terms,document_status,label_source
1,f28c4f3d,f28c4f3d35a152dd415f9b255122cb38_clause_002,"2

Non-Disclosure
The disclosure of your possible interest in a Possible Transaction could have a material adverse effect on the Company and its business if for any
reason an agreement of purchase and sale is not consummated or a disclosure is made prior to the closing of a Possible Transaction. Accordingly,
unless required by applicable law or regulatory authority, you agree that prior to the closing of a Possible Transaction, without the prior written
consent of the Company, you will not, and you will direct your representatives not to, disclose to any person the fact that the Evaluation Materials
have been made available to you, discussions or negotiations have taken or are taking place concerning a Possible Transaction between the Company
and you or any of the terms, conditions or other facts with respect to any such Possible Transaction, including the status thereof. The term “person”
as used in this agreement shall be broadly interpreted to include, without limitation, the media, any corporation or limited liability company, the
Company, governmental agency or body, stock exchange, partnership, association or individual.
Ownership and Return of Evaluation Materials
All Evaluation Materials disclosed by or on behalf of the Company shall be and shall remain in the property of the Company. Upon the Company’s
request, you shall promptly deliver to the Company or destroy all written Evaluation Materials without retaining, in whole or in part, any copies,
extracts or other reproductions (whatever the form or storage medium) of such materials, and shall certify the delivery or destruction, as applicable,
of all such materials in writing to the Company; provided that economic analyses, privileged communication with your counsel and other proprietary
documentation shall not be required to be delivered to the Company but shall be destroyed as set forth in this sentence and provided further that you
may retain one copy of the Evaluation Materials in a secure location within your Legal Department. Notwithstanding the return or destruction of the
Evaluation Materials, you and your representatives will continue to be bound by your obligations of confidentiality and other obligations hereunder.
No Unauthorized Contact or Solicitation
During the course of your evaluation, all inquiries and other communications are to be made directly to the Financial Advisor or employees or
representatives of the Company specified by the Financial Advisor. Accordingly, except as set forth in the preceding sentence, you agree not to
directly or indirectly contact or communicate with any executive or other employee of the Company (in their capacities as officers or employees of
the Company) concerning a Possible Transaction, or to seek any information in connection therewith from such person, without the express written
consent of the Financial Advisor. You also agree not to discuss with or offer to any third party any equity participation in a Possible Transaction or
any other form of joint acquisition by you and such third party without the prior written consent of the Company.
Without the Company’s prior written consent, you will not for a period of eighteen months after the date of this agreement directly or indirectly
solicit for employment any person who is now employed by the Company in an executive-level position, or any person who is now employed by the
Company in a management-level position at the Company’s headquarters in Malvern, Pennsylvania, provided that you are not prohibited from
employing any such person who contacts you on his or her own initiative and without any direct or indirect solicitation by you",114.0,Liability for Damages; Competition Rights; Intellectual Property; Governing Law and Jurisdiction,govern; liabil; ownership; proprietary; solicit,Completely Unseen,heuristic_candidate_only
2,d714d261,d714d261edc4d361e7d2ebabccaada50_clause_020,"(a) Non-Competition. During the Employment Period and the Post-Termination Non-Compete Period, I shall
not, directly or indirectly, individually or on behalf of any person, company, enterprise, or entity, or as a sole proprietor,
partner, stockholder, director, officer, principal, agent, or executive, or in any other capacity or relationship, engage in
any Competitive Activities or own any securities (debt or equity) in any person, company, enterprise, or entity that is
engaged in Competitive Activities, within the United States or any other jurisdiction in which the Company Group is
actively engaged in business. Notwithstanding the foregoing, my ownership of securities of a public company engaged
in Competitive Activities not in excess of three percent (3%) of any class of such securities shall not be considered a
breach of the covenants set forth in this Section.",112.65,Liability for Damages; Competition Rights; Intellectual Property; Governing Law and Jurisdiction,breach; compet; jurisdiction; ownership,Completely Unseen,heuristic_candidate_only
3,f28c4f3d,f28c4f3d35a152dd415f9b255122cb38_clause_004,"4

other parties thereto, and you hereby waive, in advance, any claims (including, without limitation, breach of contract) in connection with the sale of
the Company or any interest in the Company unless and until a Definitive Agreement has been executed and delivered by you and each of the other
parties thereto. You also agree that unless and until a Definitive Agreement between the Company and you with respect to the acquisition of the
Company or any interest in the Company has been executed and delivered by you and each of the other parties thereto, there shall not be any legal
obligation of any kind whatsoever with respect to any such transaction by virtue of this agreement or any other written or oral expression with
respect to such transaction except, in the case of this agreement, for the matters specifically agreed to herein.
You further understand and agree that (i) the Company and the Financial Advisor shall be free to conduct any process for the sale of the Company or
any interest in the Company as they in their sole discretion shall determine (including, without limitation, negotiating with any prospective
counterparty and entering into a Definitive Agreement without prior notice to you or to any other person), (ii) any procedures relating to such sale
may be changed at any time without notice to you or any other person and (iii) you shall not have any claims whatsoever against the Company, the
Financial Advisor or any of their respective directors, officers, employees, stockholders, owners, affiliates, agents or representatives arising out of or
relating to a Possible Transaction involving the Company. You further understand and agree that the Company reserves the right, in its sole
discretion, to reject any and all proposals made by you or any of your representatives with regard to any Possible Transaction, and to terminate
discussions and negotiations with you at any time. Neither this paragraph nor any other provision in this agreement can be waived or amended
except by written consent of the Company, which consent shall specifically refer to this paragraph (or such provision) and explicitly make such
waiver or amendment.
Legal Remedy
You understand and agree that money damages would not be a sufficient remedy for any breach of this agreement by you or your representatives and
that the Company will be entitled to specific performance and injunctive relief as remedies for any such breach. Such remedies shall not be deemed
to be the exclusive remedies for a breach of this agreement by you or your representatives but shall be in addition to all other remedies available at
law or equity. In the event of litigation relating to this agreement, if a court of competent jurisdiction determines that you or your representatives
have breached this agreement, then you shall reimburse the Company for its reasonable legal fees and expenses incurred in connection with such
litigation, including any appeals therefrom. Similarly, if a court of competent jurisdiction determines that you and/or your representatives did not
breach this agreement, then the Company shall reimburse you and/or your representatives for your reasonable legal fees and expenses incurred in
connection with such litigation, including any appeals therefrom.
Other
This agreement constitutes the entire agreement between the parties hereto regarding the subject matter hereof. This agreement may be changed only
by a written agreement signed by the parties hereto or their authorized representatives.",105.0,Liability for Damages; Competition Rights; Governing Law and Jurisdiction,breach; compet; court; damage; exclusive; jurisdiction; remedies; remedy,Completely Unseen,heuristic_candidate_only
4,586c367e,586c367e2c45ebd8b7ba96fcb6006bf6_clause_036,"(b)
Assignment of Proprietary Developments to Company:
You will assign, and do hereby irrevocably assign and transfer to Company or to Company’s designee, your entire right, title and interest in
and to all Proprietary Developments and any Confidential Information. Without limiting the foregoing, you agree to waive all legal and moral
rights in such Proprietary Developments, and you agree that all Proprietary Developments to which you contribute in any way while an
employee of Company and within the scope of your employment shall be deemed to be “works made in the course of employment” and that
Company, or Company’s designee, shall be deemed the owner thereof. To the extent that you may own or acquire legal title to any of such
Proprietary Developments, you hereby declare and confirm that such legal title is, and will be, held in a fiduciary capacity by you only as
trustee and agent for Company. You agree that Company, or Company’s designee, will be the exclusive owner of all of your right title and
interest in and to each Proprietary Development throughout the world, including all Trade Secret, patent, copyright, trademark, industrial
design and all other intellectual property rights of any kind therein. To the extent that any of the works prepared by or to which you contribute
within the scope of your employment with Company, shall be deemed by a court of competent jurisdiction not to be a “work made for hire”,
this Agreement shall operate as an irrevocable assignment by you to Company, or Company’s designee, of all right, title and interest in and to
such works, including, without limitation, all worldwide copyright interests therein, in perpetuity.",105.0,Competition Rights; Intellectual Property; Governing Law and Jurisdiction,compet; copyright; court; exclusive; intellectual property; jurisdiction; patent; proprietary; trade secret; trademark,Completely Unseen,heuristic_candidate_only
5,d714d261,d714d261edc4d361e7d2ebabccaada50_clause_028,"Section 8. Injunctive Relief.
I expressly acknowledge that any breach or threatened breach of any of the terms and/or conditions set forth in
this Non-Interference Agreement may result in substantial, continuing, and irreparable injury to the members of the
Company Group. Therefore, I hereby agree that, in addition to any other remedy that may be available to the Company,
any member of the Company Group shall be entitled to injunctive relief, specific performance, or other equitable relief
by a court of appropriate jurisdiction in the event of any breach or threatened breach of the terms of this Non-
Interference Agreement without the necessity of proving irreparable harm or injury as a result of such breach or
threatened breach. Notwithstanding any other provision to the contrary, I acknowledge and agree that the Post-
Termination Non-Compete Period, or Post-Termination Non-Interference Period, as applicable, shall be tolled during any
period of violation of any of the covenants in Section 5 hereof and during any other period required for litigation during
which the Company or any other member of the Company Group seeks to enforce such covenants against me if it is
ultimately determined that I was in breach of such covenants.",104.9,Liability for Damages; Competition Rights; Governing Law and Jurisdiction,breach; compet; court; jurisdiction; remedy,Completely Unseen,heuristic_candidate_only
6,9a5cb310,9a5cb31024ad0a7a4916e4f122ebea4a_clause_047,"(f) Right to Injunctive Relief. The Executive further agrees that in the event of any breach hereof the harm to the Company will be
irreparable and without adequate remedy at law and, therefore, that injunctive relief with respect thereto will be appropriate. In the event of a
breach or threatened breach of any of the Executive’s obligations under the terms of Sections 5 or 6 hereof, the Company shall be entitled, in
addition to any other legal or equitable remedies it may have in connection therewith (including any right to damages that it may suffer), to
temporary, preliminary and permanent injunctive relief restraining such breach or threatened breach (without the obligation to post bond),
together with reasonable attorney’s fees incurred in preliminarily enforcing its rights hereunder. The Executive specifically agrees that if there
is a question as to the enforceability of any of the provisions of Sections 5 or 6 hereof, the Executive will not engage in any conduct
inconsistent with or contrary to such Section until after the question has been resolved by a final judgment of a court of competent jurisdiction.",104.15,Liability for Damages; Competition Rights; Governing Law and Jurisdiction,breach; compet; court; damage; jurisdiction; remedies; remedy,Completely Unseen,heuristic_candidate_only
7,d4566b17,d4566b17b742d10442e98756b95a2730_clause_026,"(b)
Equitable Remedies. The Parties agree that it would be impossible or inadequate to measure and calculate damages from any breach of
the covenants set forth herein. Accordingly, the Parties agree that if in the event of a breach of the covenants contained in this
Agreement, the affected party will have available, in addition to any other right or remedy available, the right to obtain an injunction
from a court of competent jurisdiction restraining such breach or threatened breach and to specify performance of any such provision of
the Agreement. The Parties further agree that no bond or other security shall be required in obtaining such equitable relief and the Parties
hereby consent to the issuance of such injunction and to the ordering of specific performance.",101.3,Liability for Damages; Competition Rights; Governing Law and Jurisdiction,breach; compet; court; damage; jurisdiction; remedies; remedy,Completely Unseen,heuristic_candidate_only
8,9a5cb310,9a5cb31024ad0a7a4916e4f122ebea4a_clause_041,"(b) During the term of Executive’s employment and for twelve (12) months following termination of his or her employment for any
reason (the “Restricted Period”), the Executive shall not, directly or indirectly, whether as owner, partner, investor, consultant, agent,
employee, co-venturer or otherwise:
(i) compete with the Company or any of its Affiliates within the geographic area in which the Company does business or undertake
any planning for any business competitive with the Company or any of its Affiliates. Specifically, but without limiting the foregoing, the
Executive agrees not to engage in any manner in any activity that is directly or indirectly competitive with the business of the Company
or any of its Affiliates as conducted or under consideration at any time during the Executive’s employment, and further agrees not to
work or provide services, in any capacity, whether as an employee, independent contractor or otherwise, whether with or without
compensation, to any Person who is engaged in any business that is competitive with the business of the Company or any of its Affiliates
for which the Executive has provided services. The foregoing, however, shall not prevent the Executive’s passive ownership of two
percent (2%) or less of the equity securities of any publicly traded company. Notwithstanding any provision in this Agreement, section 6.
(b) (i) shall not be deemed to create post-employment non-competition restrictions on the Executive if the Executive’s primary residence
is in the state of California; or
(ii) solicit or encourage any customer of the Company or any of its Affiliates to terminate or diminish its relationship with them; or
(iii) seek to persuade any such customer of the Company or any of its Affiliates to conduct with anyone else any business or
activity which such customer conducts with the Company or any of its Affiliates; provided that these restrictions shall apply only if the
Executive",101.0,Competition Rights; Intellectual Property; Governing Law and Jurisdiction,compet; ownership; solicit; state of,Completely Unseen,heuristic_candidate_only
9,b82a10c4,b82a10c42fc284dba9870ac7c75cd386_clause_017,"4.
Equitable Relief. Employee agrees that it would be impossible to adequately compensate the Company and its
subsidiaries for the damage suffered by the Company or its subsidiaries as a result of Employee’s breach of any of the covenants
and obligations set forth in this Exhibit A. Accordingly, Employee agrees that if Employee breaches any such covenants and
obligations, the Company or its subsidiaries may, in addition to any other right or remedy available, obtain an injunction from a
court of competent jurisdiction restraining such breach or threatened breach and to specific performance of any such provision of
this Exhibit A. Employee further agrees that no bond or other security shall be required in obtaining such equitable relief and
Employee hereby consents to the issuance of such injunction and to the ordering of specific performance.",99.75,Liability for Damages; Competition Rights; Governing Law and Jurisdiction,breach; compet; court; damage; jurisdiction; remedy,Completely Unseen,heuristic_candidate_only
10,c58882f7,c58882f7f9c693e3f6c11d0f945f395e_clause_008,"cumulative with those remedies set forth herein), you specifically agree that, in the event of any threatened or actual breach of this agreement by
you, the Company shall be entitled to a temporary restraining order and, thereafter, a preliminary and permanent injunction and other equitable relief
including, without limitation, an equitable accounting of earnings, profits, and other benefits, from a court of competent jurisdiction, as well as
reimbursement from you for any attorneys’ fees and other costs incurred by the Company in obtaining such relief. No specification in this agreement
of any legal or equitable remedy shall be construed as a waiver or prohibition against pursuing any other legal or equitable remedies in the event of a
threatened or actual breach of this agreement by you.",97.3,Liability for Damages; Competition Rights; Governing Law and Jurisdiction,breach; compet; court; jurisdiction; remedies; remedy,Completely Unseen,heuristic_candidate_only
11,d714d261,d714d261edc4d361e7d2ebabccaada50_clause_034,"THIS RELEASE OR CLAIM OF BREACH HEREOF SHALL BE BROUGHT EXCLUSIVELY IN THE UNITED
STATES DISTRICT COURT FOR THE DISTRICT OF DELAWARE, TO THE EXTENT FEDERAL JURISDICTION
EXISTS, AND IN ANY COURT SITTING IN SALT LAKE CITY, UTAH, BUT ONLY IN THE EVENT FEDERAL
JURISDICTION DOES NOT EXIST, AND ANY APPLICABLE APPELLATE COURTS. FURTHER, I HEREBY",91.8,Liability for Damages; Competition Rights; Governing Law and Jurisdiction,breach; court; exclusive; jurisdiction,Completely Unseen,heuristic_candidate_only
12,d714d261,d714d261edc4d361e7d2ebabccaada50_clause_015,"(d) Intellectual Property Rights. I agree to assist the Company, or its designee, at the Company’s expense, in
every way to secure the rights of each member of the Company Group in the Developments and any copyrights, patents,
trademarks, service marks, database rights, domain names, mask work rights, moral rights, and other intellectual
property rights relating thereto in any and all countries, including the disclosure to the Company of all pertinent
information and data with respect thereto, the execution of all applications, specifications, oaths, assignments,
recordations, and all other instruments that the Company shall deem necessary in order to apply for, obtain, maintain,
and transfer such rights and in order to assign and convey to each member of the Company Group the sole and
exclusive right, title, and interest in and to such Developments, and any intellectual property and other proprietary rights
relating thereto. I further agree that my obligation to execute or cause to be executed, when it is in my power to do so,
any such instrument or papers shall continue after the Assignment Period until the expiration of the last such intellectual
property right to expire in any country of the world; provided, however, the Company shall reimburse me for my
reasonable expenses incurred in connection with carrying out the foregoing obligation. If the Company is unable
because of my mental or physical incapacity or unavailability for any other reason to secure my signature to apply for or
to pursue any application for any United States or foreign patents or copyright registrations covering Developments or
original works of authorship assigned to the Company as above, then I hereby irrevocably designate and appoint the
Company and its duly authorized officers and agents as my agent and attorney in fact to act for and in my behalf and
stead to execute and file any such applications or records and to do all other lawfully permitted acts to further the
application for, prosecution, issuance, maintenance, and transfer of letters patent or registrations thereon with the same
legal force and effect as if originally executed by me. I hereby waive and irrevocably quitclaim to the Company any and
all claims, of any nature whatsoever, that I now or hereafter have for past, present, or future infringement of any and all
proprietary rights assigned to the Company.",90.0,Competition Rights; Intellectual Property,copyright; exclusive; intellectual property; patent; proprietary; trademark,Completely Unseen,heuristic_candidate_only
13,b82a10c4,b82a10c42fc284dba9870ac7c75cd386_clause_014,"2.
Non-Competition, Non-Solicitation. Employee hereby covenants and agrees that during the term of Employee’s
employment with the Company and for a period of one (1) year thereafter, Employee shall not, directly or indirectly: (i) own any
interest in, operate, join, control or participate as a partner, director, principal, officer or agent of, enter into the employment of, act
as a consultant to, or perform any services for any entity (each a “Competing Entity”) which has material operations which compete
with any business in which the Company or any of its subsidiaries is then engaged or, to the then existing knowledge of Employee,
proposes to engage; (ii) solicit any customer or client of the Company or any of its subsidiaries, affiliates, (other than on behalf of
the Company) with respect to any business in which the Company or any of its subsidiaries or affiliates is then engaged or, to the
then existing knowledge of Employee, proposes to engage; or (iii) induce or encourage any employee of the Company or any of its
subsidiaries to leave the employ of the Company or any of its subsidiaries; provided, that Employee may, solely as an investment,
hold not more than five percent (5%) of the combined voting securities of any publicly-traded corporation or other business entity.
The foregoing covenants and agreements of Employee are referred to herein as the “Restrictive Covenant.” Employee
acknowledges that Employee has carefully read and considered the provisions of the Restrictive Covenant and, having done so,
agrees that the restrictions set forth herein , including without limitation the time period of restriction set forth above, are fair and
reasonable and are reasonably required for the protection of the legitimate business and economic interests of the Company.
Employee further acknowledges that the Company would not have continued Employee's employment with the Company on an ""at
will"" basis absent Employee’s agreement to the foregoing. In the event that, notwithstanding the foregoing, any of the provisions of
this Exhibit A or any parts hereof shall be held to be invalid or unenforceable, the remaining provisions or parts hereof shall
nevertheless continue to be valid and enforceable as though the invalid or unenforceable portions or parts had not been included
herein. In the event that any provision of this Exhibit A relating to the time period and/or the area of restriction, if any, and/or
related aspects shall be declared by a court of competent jurisdiction to exceed the maximum restrictiveness such court deems
reasonable and enforceable, the time period and/or area of restriction and/or related aspects deemed reasonable and enforceable by
such court shall become and thereafter be the maximum restrictions in such regard, and the provisions of the Restrictive Covenant
shall remain enforceable to the fullest extent deemed reasonable by such court.",90.0,Competition Rights; Governing Law and Jurisdiction,compet; court; jurisdiction; solicit,Completely Unseen,heuristic_candidate_only
14,f28c4f3d,f28c4f3d35a152dd415f9b255122cb38_clause_005,"5

To the extent that any Evaluation Material may include materials subject to the attorney-client privilege, work product doctrine or any other
applicable privilege concerning pending or threatened legal proceedings or governmental investigations, you and the Company understand and agree
that you and the Company have a commonality of interest with respect to such matters and it is the Company’s and your desire, intention and mutual
understanding that the sharing of such material is not intended to, and shall not, waive or diminish in any way the confidentiality of such material or
its continued protection under the attorney-client privilege, work product doctrine or other applicable privilege. All Evaluation Material provided
that is entitled to protection under the attorney-client privilege, work product doctrine or other applicable privilege shall remain entitled to such
protection under these privileges, this agreement, and under the joint defense doctrine.
If any term or provision of this agreement is held by a court of competent jurisdiction to be invalid, void or unenforceable, the remainder of the terms
and provisions of this agreement shall remain in full force and effect and shall in no way be affected, impaired or invalidated.
The parties understand and agree that no failure or delay by the other party in exercising any right, power or privilege under this agreement shall
operate as a waiver thereof nor shall any single or partial exercise thereof preclude any other or future exercise of any right, power or privilege
hereunder.
This agreement shall be governed by and construed in accordance with the laws of the State of New York. You also hereby irrevocably and
unconditionally consent to submit to the exclusive jurisdiction of the courts of the State of New York and the United States of America, in each case
located in the County of New York, for any actions, suits or proceedings arising out of or relating to this agreement and the transactions
contemplated hereby (and you agree not to commence any action, suit or proceeding relating thereto except in such courts, and further agree that
service of any process, summons, notice or document by U.S. registered mail to your address set forth above shall be effective service of process for
any action, suit or proceeding brought against you in any such court). You hereby irrevocably and unconditionally waive any objection to the laying
of venue of any action, suit or proceeding arising out of this agreement or the transactions contemplated hereby, in the courts of the State of New
York or the United States of America, in each case located in the County of New York, and hereby further irrevocably and unconditionally waive and
agree not to plead or claim in any such court that any such action, suit or proceeding brought in any such court has been brought in an inconvenient
forum.
This agreement shall terminate two years after the date hereof.",90.0,Competition Rights; Governing Law and Jurisdiction,compet; court; exclusive; govern; jurisdiction; laws of; state of; venue,Completely Unseen,heuristic_candidate_only
15,9a5cb310,9a5cb31024ad0a7a4916e4f122ebea4a_clause_045,"(e) Acknowledgement Regarding Restrictions. The Company has expended a great deal of time, money and effort to develop and
maintain its confidential business information which, if misused or disclosed, could be very harmful to its business and could cause the
Company to be at a competitive disadvantage in the marketplace. The Company would not be willing to proceed with the execution of this
Agreement but for the Executive’s signing and agreeing to abide by the terms of this Agreement. The Executive recognizes and acknowledges
that he or she has and will have access to Confidential Information of the Company, and that the Company, in all fairness, needs certain
protection in order to ensure that the Executive does not misappropriate or misuse any trade secret or other Confidential Information or take
any other action which could result in a loss of the goodwill of the",88.2,Liability for Damages; Competition Rights; Intellectual Property,compet; loss; trade secret,Completely Unseen,heuristic_candidate_only
16,d714d261,d714d261edc4d361e7d2ebabccaada50_clause_008,"(ii) I understand that the Defend Trade Secrets Act provides that I may not be held criminally or civilly
liable under any Federal or state trade secret law for the disclosure of a trade secret that is made in confidence to a
Federal, state, or local government official, either directly or indirectly, or to an attorney, and solely for the purpose of
reporting or investigating a suspected violation of law; or that is made in a complaint or other document filed in a lawsuit
or other proceeding, if such filing is made under seal. In the event that I file a lawsuit for retaliation by any member of
the Company Group for reporting a suspected violation of law, I may disclose the trade secret to my attorney and use the
trade secret information in the court proceeding, if I file any document containing the trade secret under seal and do not
disclose the trade secret, except pursuant to court order.",88.0,Intellectual Property; Governing Law and Jurisdiction,court; govern; trade secret,Completely Unseen,heuristic_candidate_only
17,d4566b17,d4566b17b742d10442e98756b95a2730_clause_025,"(a)
Arbitration. Except as provided herein, the Parties agree that any dispute or controversy arising out of or relating to any interpretation,
construction, performance or breach of this Agreement shall be settled by arbitration to be held in San Diego County, California, USA in
accordance with the Commercial Arbitration Rules then in effect for the American Arbitration Association. The arbitrator may grant
injunctions or other relief in such dispute or controversy. In the event of arbitration, the Parties may undertake a reasonable amount of
discovery. The decision of the arbitrator shall be final, conclusive and binding on the parties to the arbitration. Judgement may be entered
on the arbitrator’s decision in any court having jurisdiction.",85.75,Liability for Damages; Governing Law and Jurisdiction,arbitrat; breach; court; jurisdiction,Completely Unseen,heuristic_candidate_only
18,586c367e,586c367e2c45ebd8b7ba96fcb6006bf6_clause_048,"(i)
in the event of your violation or threatened violation of any of these restrictions, the Companies shall be entitled to obtain from
any court of competent jurisdiction preliminary and permanent injunctive relief, or an appropriate decree of specific performance,
without proof of actual loss or the need to post any bonds. You further",85.7,Liability for Damages; Competition Rights; Governing Law and Jurisdiction,compet; court; jurisdiction; loss,Completely Unseen,heuristic_candidate_only
20,e52e4a13,e52e4a136a4bb5c859dc6d056f47c743_clause_018,"5.

 Specific Performance. MR. MULCAHY acknowledges that irreparable injury will be caused to ENERGIZER by
any breach or threatened breach of any of the provisions of paragraphs 2 through 4 and MR. MULCAHY therefore agrees that, in the event
of any breach or threatened breach, ENERGIZER, in addition to all of the rights and remedies at law or in equity as may exist in its favor,
shall have the right, in a court of law or equity having jurisdiction, to enforce the specific performance of the foregoing provisions. In the
event of an action in a court of law or equity to enforce any provision of this Agreement, MR. MULCAHY shall be responsible for all
expenses incurred by ENERGIZER in connection therewith, including, but not limited to, ENERGIZER’s reasonable attorney’s fees and
costs.",82.65,Liability for Damages; Governing Law and Jurisdiction,breach; court; jurisdiction; remedies,Completely Unseen,heuristic_candidate_only
22,64303e5a,64303e5aa502b04df2755968eecdc2f5_clause_011,"6. This Agreement shall be governed by, and construed in accordance with, the laws of the State of Connecticut, without regard to
choice of law principles that may otherwise compel the application of the laws of any other jurisdiction. Each of the parties hereby irrevocably
consents to the exclusive jurisdiction of the state and federal courts sitting in the State of Connecticut to resolve any dispute arising from this
Agreement and waives any defense of inconvenient or improper forum.",81.95,Competition Rights; Governing Law and Jurisdiction,court; exclusive; govern; jurisdiction; laws of; state of,Completely Unseen,heuristic_candidate_only
