category,is_minority,support,tp,fp,fn,tn,precision,recall,f1_score,error_pattern
Additional Information,False,110,75,46,35,80,0.6198,0.6818,0.6494,High FP & High FN (Mixed Confusion)
Liability for Damages,True,16,14,17,2,203,0.4516,0.875,0.5957,FP-Dominated (Overprediction)
Intellectual Property,False,14,10,11,4,211,0.4762,0.7143,0.5714,FP-Dominated (Overprediction)
Competition Rights,True,22,9,6,13,208,0.6,0.4091,0.4865,FN-Dominated (Underprediction)
Governing Law and Jurisdiction,True,7,7,15,0,214,0.3182,1.0,0.4828,FP-Dominated (Overprediction)
Employees,False,24,16,30,8,182,0.3478,0.6667,0.4571,FP-Dominated (Overprediction)
Term and Termination,True,29,19,36,10,171,0.3455,0.6552,0.4524,FP-Dominated (Overprediction)
Confidentiality Obligations,False,18,12,24,6,194,0.3333,0.6667,0.4444,FP-Dominated (Overprediction)
Party Identification,False,29,19,40,10,167,0.322,0.6552,0.4318,FP-Dominated (Overprediction)
Definition of Confidential Information,False,21,12,24,9,191,0.3333,0.5714,0.4211,FP-Dominated (Overprediction)
Authorized Disclosure,False,14,8,25,6,197,0.2424,0.5714,0.3404,FP-Dominated (Overprediction)
Non-Confidential Information,True,7,4,14,3,215,0.2222,0.5714,0.32,FP-Dominated (Overprediction)
NDA Type,True,1,1,5,0,230,0.1667,1.0,0.2857,FP-Dominated (Overprediction)
Purpose,True,7,1,19,6,210,0.05,0.1429,0.0741,FP-Dominated (Overprediction)
