Experiment_ID,Model,Loss,Macro_F1,Micro_F1,Weighted_F1,Hamming_Loss,MCC,Status
EXP-01a,Legal-RoBERTa,BCE,NOT_COMPUTED,NOT_COMPUTED,NOT_COMPUTED,NOT_COMPUTED,NOT_COMPUTED,PENDING_TRAINING
EXP-01b,Legal-RoBERTa,Focal,NOT_COMPUTED,NOT_COMPUTED,NOT_COMPUTED,NOT_COMPUTED,NOT_COMPUTED,PENDING_TRAINING
EXP-01c,Legal-RoBERTa,Class-Weighted BCE,NOT_COMPUTED,NOT_COMPUTED,NOT_COMPUTED,NOT_COMPUTED,NOT_COMPUTED,PENDING_TRAINING
EXP-02a,Legal-BERT,BCE,NOT_COMPUTED,NOT_COMPUTED,NOT_COMPUTED,NOT_COMPUTED,NOT_COMPUTED,PENDING_TRAINING
EXP-02b,Legal-BERT,Focal,NOT_COMPUTED,NOT_COMPUTED,NOT_COMPUTED,NOT_COMPUTED,NOT_COMPUTED,PENDING_TRAINING
EXP-02c,Legal-BERT,Class-Weighted BCE,NOT_COMPUTED,NOT_COMPUTED,NOT_COMPUTED,NOT_COMPUTED,NOT_COMPUTED,PENDING_TRAINING
EXP-03a,DeBERTa-v3,BCE,NOT_COMPUTED,NOT_COMPUTED,NOT_COMPUTED,NOT_COMPUTED,NOT_COMPUTED,PENDING_TRAINING
EXP-03b,DeBERTa-v3,Focal,NOT_COMPUTED,NOT_COMPUTED,NOT_COMPUTED,NOT_COMPUTED,NOT_COMPUTED,PENDING_TRAINING
EXP-03c,DeBERTa-v3,Class-Weighted BCE,NOT_COMPUTED,NOT_COMPUTED,NOT_COMPUTED,NOT_COMPUTED,NOT_COMPUTED,PENDING_TRAINING
ABL-A,Legal-RoBERTa,BCE (High Conf),NOT_COMPUTED,NOT_COMPUTED,NOT_COMPUTED,NOT_COMPUTED,NOT_COMPUTED,PENDING_TRAINING
