Experiment_ID,Category_ID,Category_Name,Test_Support,TP,FP,FN,Precision,Recall,F1
EXP-01a,C1,Party Identification,PLACEHOLDER,NOT_COMPUTED,NOT_COMPUTED,NOT_COMPUTED,NOT_COMPUTED,NOT_COMPUTED,NOT_COMPUTED
EXP-01a,C2,Purpose,PLACEHOLDER,NOT_COMPUTED,NOT_COMPUTED,NOT_COMPUTED,NOT_COMPUTED,NOT_COMPUTED,NOT_COMPUTED
EXP-01a,C3,NDA Type,PLACEHOLDER,NOT_COMPUTED,NOT_COMPUTED,NOT_COMPUTED,NOT_COMPUTED,NOT_COMPUTED,NOT_COMPUTED
EXP-01a,C4,Definition of Confidential Information,PLACEHOLDER,NOT_COMPUTED,NOT_COMPUTED,NOT_COMPUTED,NOT_COMPUTED,NOT_COMPUTED,NOT_COMPUTED
EXP-01a,C5,Confidentiality Obligations,PLACEHOLDER,NOT_COMPUTED,NOT_COMPUTED,NOT_COMPUTED,NOT_COMPUTED,NOT_COMPUTED,NOT_COMPUTED
EXP-01a,C6,Authorized Disclosure,PLACEHOLDER,NOT_COMPUTED,NOT_COMPUTED,NOT_COMPUTED,NOT_COMPUTED,NOT_COMPUTED,NOT_COMPUTED
EXP-01a,C7,Non-Confidential Information,PLACEHOLDER,NOT_COMPUTED,NOT_COMPUTED,NOT_COMPUTED,NOT_COMPUTED,NOT_COMPUTED,NOT_COMPUTED
EXP-01a,C8,Liability for Damages,PLACEHOLDER,NOT_COMPUTED,NOT_COMPUTED,NOT_COMPUTED,NOT_COMPUTED,NOT_COMPUTED,NOT_COMPUTED
EXP-01a,C9,Competition Rights,PLACEHOLDER,NOT_COMPUTED,NOT_COMPUTED,NOT_COMPUTED,NOT_COMPUTED,NOT_COMPUTED,NOT_COMPUTED
EXP-01a,C10,Term and Termination,PLACEHOLDER,NOT_COMPUTED,NOT_COMPUTED,NOT_COMPUTED,NOT_COMPUTED,NOT_COMPUTED,NOT_COMPUTED
EXP-01a,C11,Intellectual Property,PLACEHOLDER,NOT_COMPUTED,NOT_COMPUTED,NOT_COMPUTED,NOT_COMPUTED,NOT_COMPUTED,NOT_COMPUTED
EXP-01a,C12,Employees,PLACEHOLDER,NOT_COMPUTED,NOT_COMPUTED,NOT_COMPUTED,NOT_COMPUTED,NOT_COMPUTED,NOT_COMPUTED
EXP-01a,C13,Governing Law and Jurisdiction,PLACEHOLDER,NOT_COMPUTED,NOT_COMPUTED,NOT_COMPUTED,NOT_COMPUTED,NOT_COMPUTED,NOT_COMPUTED
EXP-01a,C14,Additional Information,PLACEHOLDER,NOT_COMPUTED,NOT_COMPUTED,NOT_COMPUTED,NOT_COMPUTED,NOT_COMPUTED,NOT_COMPUTED
EXP-01b,C1,Party Identification,PLACEHOLDER,NOT_COMPUTED,NOT_COMPUTED,NOT_COMPUTED,NOT_COMPUTED,NOT_COMPUTED,NOT_COMPUTED
EXP-01b,C2,Purpose,PLACEHOLDER,NOT_COMPUTED,NOT_COMPUTED,NOT_COMPUTED,NOT_COMPUTED,NOT_COMPUTED,NOT_COMPUTED
EXP-01b,C3,NDA Type,PLACEHOLDER,NOT_COMPUTED,NOT_COMPUTED,NOT_COMPUTED,NOT_COMPUTED,NOT_COMPUTED,NOT_COMPUTED
EXP-01b,C4,Definition of Confidential Information,PLACEHOLDER,NOT_COMPUTED,NOT_COMPUTED,NOT_COMPUTED,NOT_COMPUTED,NOT_COMPUTED,NOT_COMPUTED
EXP-01b,C5,Confidentiality Obligations,PLACEHOLDER,NOT_COMPUTED,NOT_COMPUTED,NOT_COMPUTED,NOT_COMPUTED,NOT_COMPUTED,NOT_COMPUTED
EXP-01b,C6,Authorized Disclosure,PLACEHOLDER,NOT_COMPUTED,NOT_COMPUTED,NOT_COMPUTED,NOT_COMPUTED,NOT_COMPUTED,NOT_COMPUTED
EXP-01b,C7,Non-Confidential Information,PLACEHOLDER,NOT_COMPUTED,NOT_COMPUTED,NOT_COMPUTED,NOT_COMPUTED,NOT_COMPUTED,NOT_COMPUTED
EXP-01b,C8,Liability for Damages,PLACEHOLDER,NOT_COMPUTED,NOT_COMPUTED,NOT_COMPUTED,NOT_COMPUTED,NOT_COMPUTED,NOT_COMPUTED
EXP-01b,C9,Competition Rights,PLACEHOLDER,NOT_COMPUTED,NOT_COMPUTED,NOT_COMPUTED,NOT_COMPUTED,NOT_COMPUTED,NOT_COMPUTED
EXP-01b,C10,Term and Termination,PLACEHOLDER,NOT_COMPUTED,NOT_COMPUTED,NOT_COMPUTED,NOT_COMPUTED,NOT_COMPUTED,NOT_COMPUTED
EXP-01b,C11,Intellectual Property,PLACEHOLDER,NOT_COMPUTED,NOT_COMPUTED,NOT_COMPUTED,NOT_COMPUTED,NOT_COMPUTED,NOT_COMPUTED
EXP-01b,C12,Employees,PLACEHOLDER,NOT_COMPUTED,NOT_COMPUTED,NOT_COMPUTED,NOT_COMPUTED,NOT_COMPUTED,NOT_COMPUTED
EXP-01b,C13,Governing Law and Jurisdiction,PLACEHOLDER,NOT_COMPUTED,NOT_COMPUTED,NOT_COMPUTED,NOT_COMPUTED,NOT_COMPUTED,NOT_COMPUTED
EXP-01b,C14,Additional Information,PLACEHOLDER,NOT_COMPUTED,NOT_COMPUTED,NOT_COMPUTED,NOT_COMPUTED,NOT_COMPUTED,NOT_COMPUTED
EXP-01c,C1,Party Identification,PLACEHOLDER,NOT_COMPUTED,NOT_COMPUTED,NOT_COMPUTED,NOT_COMPUTED,NOT_COMPUTED,NOT_COMPUTED
EXP-01c,C2,Purpose,PLACEHOLDER,NOT_COMPUTED,NOT_COMPUTED,NOT_COMPUTED,NOT_COMPUTED,NOT_COMPUTED,NOT_COMPUTED
EXP-01c,C3,NDA Type,PLACEHOLDER,NOT_COMPUTED,NOT_COMPUTED,NOT_COMPUTED,NOT_COMPUTED,NOT_COMPUTED,NOT_COMPUTED
EXP-01c,C4,Definition of Confidential Information,PLACEHOLDER,NOT_COMPUTED,NOT_COMPUTED,NOT_COMPUTED,NOT_COMPUTED,NOT_COMPUTED,NOT_COMPUTED
EXP-01c,C5,Confidentiality Obligations,PLACEHOLDER,NOT_COMPUTED,NOT_COMPUTED,NOT_COMPUTED,NOT_COMPUTED,NOT_COMPUTED,NOT_COMPUTED
EXP-01c,C6,Authorized Disclosure,PLACEHOLDER,NOT_COMPUTED,NOT_COMPUTED,NOT_COMPUTED,NOT_COMPUTED,NOT_COMPUTED,NOT_COMPUTED
EXP-01c,C7,Non-Confidential Information,PLACEHOLDER,NOT_COMPUTED,NOT_COMPUTED,NOT_COMPUTED,NOT_COMPUTED,NOT_COMPUTED,NOT_COMPUTED
EXP-01c,C8,Liability for Damages,PLACEHOLDER,NOT_COMPUTED,NOT_COMPUTED,NOT_COMPUTED,NOT_COMPUTED,NOT_COMPUTED,NOT_COMPUTED
EXP-01c,C9,Competition Rights,PLACEHOLDER,NOT_COMPUTED,NOT_COMPUTED,NOT_COMPUTED,NOT_COMPUTED,NOT_COMPUTED,NOT_COMPUTED
EXP-01c,C10,Term and Termination,PLACEHOLDER,NOT_COMPUTED,NOT_COMPUTED,NOT_COMPUTED,NOT_COMPUTED,NOT_COMPUTED,NOT_COMPUTED
EXP-01c,C11,Intellectual Property,PLACEHOLDER,NOT_COMPUTED,NOT_COMPUTED,NOT_COMPUTED,NOT_COMPUTED,NOT_COMPUTED,NOT_COMPUTED
EXP-01c,C12,Employees,PLACEHOLDER,NOT_COMPUTED,NOT_COMPUTED,NOT_COMPUTED,NOT_COMPUTED,NOT_COMPUTED,NOT_COMPUTED
EXP-01c,C13,Governing Law and Jurisdiction,PLACEHOLDER,NOT_COMPUTED,NOT_COMPUTED,NOT_COMPUTED,NOT_COMPUTED,NOT_COMPUTED,NOT_COMPUTED
EXP-01c,C14,Additional Information,PLACEHOLDER,NOT_COMPUTED,NOT_COMPUTED,NOT_COMPUTED,NOT_COMPUTED,NOT_COMPUTED,NOT_COMPUTED
EXP-02a,C1,Party Identification,PLACEHOLDER,NOT_COMPUTED,NOT_COMPUTED,NOT_COMPUTED,NOT_COMPUTED,NOT_COMPUTED,NOT_COMPUTED
EXP-02a,C2,Purpose,PLACEHOLDER,NOT_COMPUTED,NOT_COMPUTED,NOT_COMPUTED,NOT_COMPUTED,NOT_COMPUTED,NOT_COMPUTED
EXP-02a,C3,NDA Type,PLACEHOLDER,NOT_COMPUTED,NOT_COMPUTED,NOT_COMPUTED,NOT_COMPUTED,NOT_COMPUTED,NOT_COMPUTED
EXP-02a,C4,Definition of Confidential Information,PLACEHOLDER,NOT_COMPUTED,NOT_COMPUTED,NOT_COMPUTED,NOT_COMPUTED,NOT_COMPUTED,NOT_COMPUTED
EXP-02a,C5,Confidentiality Obligations,PLACEHOLDER,NOT_COMPUTED,NOT_COMPUTED,NOT_COMPUTED,NOT_COMPUTED,NOT_COMPUTED,NOT_COMPUTED
EXP-02a,C6,Authorized Disclosure,PLACEHOLDER,NOT_COMPUTED,NOT_COMPUTED,NOT_COMPUTED,NOT_COMPUTED,NOT_COMPUTED,NOT_COMPUTED
EXP-02a,C7,Non-Confidential Information,PLACEHOLDER,NOT_COMPUTED,NOT_COMPUTED,NOT_COMPUTED,NOT_COMPUTED,NOT_COMPUTED,NOT_COMPUTED
EXP-02a,C8,Liability for Damages,PLACEHOLDER,NOT_COMPUTED,NOT_COMPUTED,NOT_COMPUTED,NOT_COMPUTED,NOT_COMPUTED,NOT_COMPUTED
EXP-02a,C9,Competition Rights,PLACEHOLDER,NOT_COMPUTED,NOT_COMPUTED,NOT_COMPUTED,NOT_COMPUTED,NOT_COMPUTED,NOT_COMPUTED
EXP-02a,C10,Term and Termination,PLACEHOLDER,NOT_COMPUTED,NOT_COMPUTED,NOT_COMPUTED,NOT_COMPUTED,NOT_COMPUTED,NOT_COMPUTED
EXP-02a,C11,Intellectual Property,PLACEHOLDER,NOT_COMPUTED,NOT_COMPUTED,NOT_COMPUTED,NOT_COMPUTED,NOT_COMPUTED,NOT_COMPUTED
EXP-02a,C12,Employees,PLACEHOLDER,NOT_COMPUTED,NOT_COMPUTED,NOT_COMPUTED,NOT_COMPUTED,NOT_COMPUTED,NOT_COMPUTED
EXP-02a,C13,Governing Law and Jurisdiction,PLACEHOLDER,NOT_COMPUTED,NOT_COMPUTED,NOT_COMPUTED,NOT_COMPUTED,NOT_COMPUTED,NOT_COMPUTED
EXP-02a,C14,Additional Information,PLACEHOLDER,NOT_COMPUTED,NOT_COMPUTED,NOT_COMPUTED,NOT_COMPUTED,NOT_COMPUTED,NOT_COMPUTED
EXP-02b,C1,Party Identification,PLACEHOLDER,NOT_COMPUTED,NOT_COMPUTED,NOT_COMPUTED,NOT_COMPUTED,NOT_COMPUTED,NOT_COMPUTED
EXP-02b,C2,Purpose,PLACEHOLDER,NOT_COMPUTED,NOT_COMPUTED,NOT_COMPUTED,NOT_COMPUTED,NOT_COMPUTED,NOT_COMPUTED
EXP-02b,C3,NDA Type,PLACEHOLDER,NOT_COMPUTED,NOT_COMPUTED,NOT_COMPUTED,NOT_COMPUTED,NOT_COMPUTED,NOT_COMPUTED
EXP-02b,C4,Definition of Confidential Information,PLACEHOLDER,NOT_COMPUTED,NOT_COMPUTED,NOT_COMPUTED,NOT_COMPUTED,NOT_COMPUTED,NOT_COMPUTED
EXP-02b,C5,Confidentiality Obligations,PLACEHOLDER,NOT_COMPUTED,NOT_COMPUTED,NOT_COMPUTED,NOT_COMPUTED,NOT_COMPUTED,NOT_COMPUTED
EXP-02b,C6,Authorized Disclosure,PLACEHOLDER,NOT_COMPUTED,NOT_COMPUTED,NOT_COMPUTED,NOT_COMPUTED,NOT_COMPUTED,NOT_COMPUTED
EXP-02b,C7,Non-Confidential Information,PLACEHOLDER,NOT_COMPUTED,NOT_COMPUTED,NOT_COMPUTED,NOT_COMPUTED,NOT_COMPUTED,NOT_COMPUTED
EXP-02b,C8,Liability for Damages,PLACEHOLDER,NOT_COMPUTED,NOT_COMPUTED,NOT_COMPUTED,NOT_COMPUTED,NOT_COMPUTED,NOT_COMPUTED
EXP-02b,C9,Competition Rights,PLACEHOLDER,NOT_COMPUTED,NOT_COMPUTED,NOT_COMPUTED,NOT_COMPUTED,NOT_COMPUTED,NOT_COMPUTED
EXP-02b,C10,Term and Termination,PLACEHOLDER,NOT_COMPUTED,NOT_COMPUTED,NOT_COMPUTED,NOT_COMPUTED,NOT_COMPUTED,NOT_COMPUTED
EXP-02b,C11,Intellectual Property,PLACEHOLDER,NOT_COMPUTED,NOT_COMPUTED,NOT_COMPUTED,NOT_COMPUTED,NOT_COMPUTED,NOT_COMPUTED
EXP-02b,C12,Employees,PLACEHOLDER,NOT_COMPUTED,NOT_COMPUTED,NOT_COMPUTED,NOT_COMPUTED,NOT_COMPUTED,NOT_COMPUTED
EXP-02b,C13,Governing Law and Jurisdiction,PLACEHOLDER,NOT_COMPUTED,NOT_COMPUTED,NOT_COMPUTED,NOT_COMPUTED,NOT_COMPUTED,NOT_COMPUTED
EXP-02b,C14,Additional Information,PLACEHOLDER,NOT_COMPUTED,NOT_COMPUTED,NOT_COMPUTED,NOT_COMPUTED,NOT_COMPUTED,NOT_COMPUTED
EXP-02c,C1,Party Identification,PLACEHOLDER,NOT_COMPUTED,NOT_COMPUTED,NOT_COMPUTED,NOT_COMPUTED,NOT_COMPUTED,NOT_COMPUTED
EXP-02c,C2,Purpose,PLACEHOLDER,NOT_COMPUTED,NOT_COMPUTED,NOT_COMPUTED,NOT_COMPUTED,NOT_COMPUTED,NOT_COMPUTED
EXP-02c,C3,NDA Type,PLACEHOLDER,NOT_COMPUTED,NOT_COMPUTED,NOT_COMPUTED,NOT_COMPUTED,NOT_COMPUTED,NOT_COMPUTED
EXP-02c,C4,Definition of Confidential Information,PLACEHOLDER,NOT_COMPUTED,NOT_COMPUTED,NOT_COMPUTED,NOT_COMPUTED,NOT_COMPUTED,NOT_COMPUTED
EXP-02c,C5,Confidentiality Obligations,PLACEHOLDER,NOT_COMPUTED,NOT_COMPUTED,NOT_COMPUTED,NOT_COMPUTED,NOT_COMPUTED,NOT_COMPUTED
EXP-02c,C6,Authorized Disclosure,PLACEHOLDER,NOT_COMPUTED,NOT_COMPUTED,NOT_COMPUTED,NOT_COMPUTED,NOT_COMPUTED,NOT_COMPUTED
EXP-02c,C7,Non-Confidential Information,PLACEHOLDER,NOT_COMPUTED,NOT_COMPUTED,NOT_COMPUTED,NOT_COMPUTED,NOT_COMPUTED,NOT_COMPUTED
EXP-02c,C8,Liability for Damages,PLACEHOLDER,NOT_COMPUTED,NOT_COMPUTED,NOT_COMPUTED,NOT_COMPUTED,NOT_COMPUTED,NOT_COMPUTED
EXP-02c,C9,Competition Rights,PLACEHOLDER,NOT_COMPUTED,NOT_COMPUTED,NOT_COMPUTED,NOT_COMPUTED,NOT_COMPUTED,NOT_COMPUTED
EXP-02c,C10,Term and Termination,PLACEHOLDER,NOT_COMPUTED,NOT_COMPUTED,NOT_COMPUTED,NOT_COMPUTED,NOT_COMPUTED,NOT_COMPUTED
EXP-02c,C11,Intellectual Property,PLACEHOLDER,NOT_COMPUTED,NOT_COMPUTED,NOT_COMPUTED,NOT_COMPUTED,NOT_COMPUTED,NOT_COMPUTED
EXP-02c,C12,Employees,PLACEHOLDER,NOT_COMPUTED,NOT_COMPUTED,NOT_COMPUTED,NOT_COMPUTED,NOT_COMPUTED,NOT_COMPUTED
EXP-02c,C13,Governing Law and Jurisdiction,PLACEHOLDER,NOT_COMPUTED,NOT_COMPUTED,NOT_COMPUTED,NOT_COMPUTED,NOT_COMPUTED,NOT_COMPUTED
EXP-02c,C14,Additional Information,PLACEHOLDER,NOT_COMPUTED,NOT_COMPUTED,NOT_COMPUTED,NOT_COMPUTED,NOT_COMPUTED,NOT_COMPUTED
EXP-03a,C1,Party Identification,PLACEHOLDER,NOT_COMPUTED,NOT_COMPUTED,NOT_COMPUTED,NOT_COMPUTED,NOT_COMPUTED,NOT_COMPUTED
EXP-03a,C2,Purpose,PLACEHOLDER,NOT_COMPUTED,NOT_COMPUTED,NOT_COMPUTED,NOT_COMPUTED,NOT_COMPUTED,NOT_COMPUTED
EXP-03a,C3,NDA Type,PLACEHOLDER,NOT_COMPUTED,NOT_COMPUTED,NOT_COMPUTED,NOT_COMPUTED,NOT_COMPUTED,NOT_COMPUTED
EXP-03a,C4,Definition of Confidential Information,PLACEHOLDER,NOT_COMPUTED,NOT_COMPUTED,NOT_COMPUTED,NOT_COMPUTED,NOT_COMPUTED,NOT_COMPUTED
EXP-03a,C5,Confidentiality Obligations,PLACEHOLDER,NOT_COMPUTED,NOT_COMPUTED,NOT_COMPUTED,NOT_COMPUTED,NOT_COMPUTED,NOT_COMPUTED
EXP-03a,C6,Authorized Disclosure,PLACEHOLDER,NOT_COMPUTED,NOT_COMPUTED,NOT_COMPUTED,NOT_COMPUTED,NOT_COMPUTED,NOT_COMPUTED
EXP-03a,C7,Non-Confidential Information,PLACEHOLDER,NOT_COMPUTED,NOT_COMPUTED,NOT_COMPUTED,NOT_COMPUTED,NOT_COMPUTED,NOT_COMPUTED
EXP-03a,C8,Liability for Damages,PLACEHOLDER,NOT_COMPUTED,NOT_COMPUTED,NOT_COMPUTED,NOT_COMPUTED,NOT_COMPUTED,NOT_COMPUTED
EXP-03a,C9,Competition Rights,PLACEHOLDER,NOT_COMPUTED,NOT_COMPUTED,NOT_COMPUTED,NOT_COMPUTED,NOT_COMPUTED,NOT_COMPUTED
EXP-03a,C10,Term and Termination,PLACEHOLDER,NOT_COMPUTED,NOT_COMPUTED,NOT_COMPUTED,NOT_COMPUTED,NOT_COMPUTED,NOT_COMPUTED
EXP-03a,C11,Intellectual Property,PLACEHOLDER,NOT_COMPUTED,NOT_COMPUTED,NOT_COMPUTED,NOT_COMPUTED,NOT_COMPUTED,NOT_COMPUTED
EXP-03a,C12,Employees,PLACEHOLDER,NOT_COMPUTED,NOT_COMPUTED,NOT_COMPUTED,NOT_COMPUTED,NOT_COMPUTED,NOT_COMPUTED
EXP-03a,C13,Governing Law and Jurisdiction,PLACEHOLDER,NOT_COMPUTED,NOT_COMPUTED,NOT_COMPUTED,NOT_COMPUTED,NOT_COMPUTED,NOT_COMPUTED
EXP-03a,C14,Additional Information,PLACEHOLDER,NOT_COMPUTED,NOT_COMPUTED,NOT_COMPUTED,NOT_COMPUTED,NOT_COMPUTED,NOT_COMPUTED
EXP-03b,C1,Party Identification,PLACEHOLDER,NOT_COMPUTED,NOT_COMPUTED,NOT_COMPUTED,NOT_COMPUTED,NOT_COMPUTED,NOT_COMPUTED
EXP-03b,C2,Purpose,PLACEHOLDER,NOT_COMPUTED,NOT_COMPUTED,NOT_COMPUTED,NOT_COMPUTED,NOT_COMPUTED,NOT_COMPUTED
EXP-03b,C3,NDA Type,PLACEHOLDER,NOT_COMPUTED,NOT_COMPUTED,NOT_COMPUTED,NOT_COMPUTED,NOT_COMPUTED,NOT_COMPUTED
EXP-03b,C4,Definition of Confidential Information,PLACEHOLDER,NOT_COMPUTED,NOT_COMPUTED,NOT_COMPUTED,NOT_COMPUTED,NOT_COMPUTED,NOT_COMPUTED
EXP-03b,C5,Confidentiality Obligations,PLACEHOLDER,NOT_COMPUTED,NOT_COMPUTED,NOT_COMPUTED,NOT_COMPUTED,NOT_COMPUTED,NOT_COMPUTED
EXP-03b,C6,Authorized Disclosure,PLACEHOLDER,NOT_COMPUTED,NOT_COMPUTED,NOT_COMPUTED,NOT_COMPUTED,NOT_COMPUTED,NOT_COMPUTED
EXP-03b,C7,Non-Confidential Information,PLACEHOLDER,NOT_COMPUTED,NOT_COMPUTED,NOT_COMPUTED,NOT_COMPUTED,NOT_COMPUTED,NOT_COMPUTED
EXP-03b,C8,Liability for Damages,PLACEHOLDER,NOT_COMPUTED,NOT_COMPUTED,NOT_COMPUTED,NOT_COMPUTED,NOT_COMPUTED,NOT_COMPUTED
EXP-03b,C9,Competition Rights,PLACEHOLDER,NOT_COMPUTED,NOT_COMPUTED,NOT_COMPUTED,NOT_COMPUTED,NOT_COMPUTED,NOT_COMPUTED
EXP-03b,C10,Term and Termination,PLACEHOLDER,NOT_COMPUTED,NOT_COMPUTED,NOT_COMPUTED,NOT_COMPUTED,NOT_COMPUTED,NOT_COMPUTED
EXP-03b,C11,Intellectual Property,PLACEHOLDER,NOT_COMPUTED,NOT_COMPUTED,NOT_COMPUTED,NOT_COMPUTED,NOT_COMPUTED,NOT_COMPUTED
EXP-03b,C12,Employees,PLACEHOLDER,NOT_COMPUTED,NOT_COMPUTED,NOT_COMPUTED,NOT_COMPUTED,NOT_COMPUTED,NOT_COMPUTED
EXP-03b,C13,Governing Law and Jurisdiction,PLACEHOLDER,NOT_COMPUTED,NOT_COMPUTED,NOT_COMPUTED,NOT_COMPUTED,NOT_COMPUTED,NOT_COMPUTED
EXP-03b,C14,Additional Information,PLACEHOLDER,NOT_COMPUTED,NOT_COMPUTED,NOT_COMPUTED,NOT_COMPUTED,NOT_COMPUTED,NOT_COMPUTED
EXP-03c,C1,Party Identification,PLACEHOLDER,NOT_COMPUTED,NOT_COMPUTED,NOT_COMPUTED,NOT_COMPUTED,NOT_COMPUTED,NOT_COMPUTED
EXP-03c,C2,Purpose,PLACEHOLDER,NOT_COMPUTED,NOT_COMPUTED,NOT_COMPUTED,NOT_COMPUTED,NOT_COMPUTED,NOT_COMPUTED
EXP-03c,C3,NDA Type,PLACEHOLDER,NOT_COMPUTED,NOT_COMPUTED,NOT_COMPUTED,NOT_COMPUTED,NOT_COMPUTED,NOT_COMPUTED
EXP-03c,C4,Definition of Confidential Information,PLACEHOLDER,NOT_COMPUTED,NOT_COMPUTED,NOT_COMPUTED,NOT_COMPUTED,NOT_COMPUTED,NOT_COMPUTED
EXP-03c,C5,Confidentiality Obligations,PLACEHOLDER,NOT_COMPUTED,NOT_COMPUTED,NOT_COMPUTED,NOT_COMPUTED,NOT_COMPUTED,NOT_COMPUTED
EXP-03c,C6,Authorized Disclosure,PLACEHOLDER,NOT_COMPUTED,NOT_COMPUTED,NOT_COMPUTED,NOT_COMPUTED,NOT_COMPUTED,NOT_COMPUTED
EXP-03c,C7,Non-Confidential Information,PLACEHOLDER,NOT_COMPUTED,NOT_COMPUTED,NOT_COMPUTED,NOT_COMPUTED,NOT_COMPUTED,NOT_COMPUTED
EXP-03c,C8,Liability for Damages,PLACEHOLDER,NOT_COMPUTED,NOT_COMPUTED,NOT_COMPUTED,NOT_COMPUTED,NOT_COMPUTED,NOT_COMPUTED
EXP-03c,C9,Competition Rights,PLACEHOLDER,NOT_COMPUTED,NOT_COMPUTED,NOT_COMPUTED,NOT_COMPUTED,NOT_COMPUTED,NOT_COMPUTED
EXP-03c,C10,Term and Termination,PLACEHOLDER,NOT_COMPUTED,NOT_COMPUTED,NOT_COMPUTED,NOT_COMPUTED,NOT_COMPUTED,NOT_COMPUTED
EXP-03c,C11,Intellectual Property,PLACEHOLDER,NOT_COMPUTED,NOT_COMPUTED,NOT_COMPUTED,NOT_COMPUTED,NOT_COMPUTED,NOT_COMPUTED
EXP-03c,C12,Employees,PLACEHOLDER,NOT_COMPUTED,NOT_COMPUTED,NOT_COMPUTED,NOT_COMPUTED,NOT_COMPUTED,NOT_COMPUTED
EXP-03c,C13,Governing Law and Jurisdiction,PLACEHOLDER,NOT_COMPUTED,NOT_COMPUTED,NOT_COMPUTED,NOT_COMPUTED,NOT_COMPUTED,NOT_COMPUTED
EXP-03c,C14,Additional Information,PLACEHOLDER,NOT_COMPUTED,NOT_COMPUTED,NOT_COMPUTED,NOT_COMPUTED,NOT_COMPUTED,NOT_COMPUTED
ABL-A,C1,Party Identification,PLACEHOLDER,NOT_COMPUTED,NOT_COMPUTED,NOT_COMPUTED,NOT_COMPUTED,NOT_COMPUTED,NOT_COMPUTED
ABL-A,C2,Purpose,PLACEHOLDER,NOT_COMPUTED,NOT_COMPUTED,NOT_COMPUTED,NOT_COMPUTED,NOT_COMPUTED,NOT_COMPUTED
ABL-A,C3,NDA Type,PLACEHOLDER,NOT_COMPUTED,NOT_COMPUTED,NOT_COMPUTED,NOT_COMPUTED,NOT_COMPUTED,NOT_COMPUTED
ABL-A,C4,Definition of Confidential Information,PLACEHOLDER,NOT_COMPUTED,NOT_COMPUTED,NOT_COMPUTED,NOT_COMPUTED,NOT_COMPUTED,NOT_COMPUTED
ABL-A,C5,Confidentiality Obligations,PLACEHOLDER,NOT_COMPUTED,NOT_COMPUTED,NOT_COMPUTED,NOT_COMPUTED,NOT_COMPUTED,NOT_COMPUTED
ABL-A,C6,Authorized Disclosure,PLACEHOLDER,NOT_COMPUTED,NOT_COMPUTED,NOT_COMPUTED,NOT_COMPUTED,NOT_COMPUTED,NOT_COMPUTED
ABL-A,C7,Non-Confidential Information,PLACEHOLDER,NOT_COMPUTED,NOT_COMPUTED,NOT_COMPUTED,NOT_COMPUTED,NOT_COMPUTED,NOT_COMPUTED
ABL-A,C8,Liability for Damages,PLACEHOLDER,NOT_COMPUTED,NOT_COMPUTED,NOT_COMPUTED,NOT_COMPUTED,NOT_COMPUTED,NOT_COMPUTED
ABL-A,C9,Competition Rights,PLACEHOLDER,NOT_COMPUTED,NOT_COMPUTED,NOT_COMPUTED,NOT_COMPUTED,NOT_COMPUTED,NOT_COMPUTED
ABL-A,C10,Term and Termination,PLACEHOLDER,NOT_COMPUTED,NOT_COMPUTED,NOT_COMPUTED,NOT_COMPUTED,NOT_COMPUTED,NOT_COMPUTED
ABL-A,C11,Intellectual Property,PLACEHOLDER,NOT_COMPUTED,NOT_COMPUTED,NOT_COMPUTED,NOT_COMPUTED,NOT_COMPUTED,NOT_COMPUTED
ABL-A,C12,Employees,PLACEHOLDER,NOT_COMPUTED,NOT_COMPUTED,NOT_COMPUTED,NOT_COMPUTED,NOT_COMPUTED,NOT_COMPUTED
ABL-A,C13,Governing Law and Jurisdiction,PLACEHOLDER,NOT_COMPUTED,NOT_COMPUTED,NOT_COMPUTED,NOT_COMPUTED,NOT_COMPUTED,NOT_COMPUTED
ABL-A,C14,Additional Information,PLACEHOLDER,NOT_COMPUTED,NOT_COMPUTED,NOT_COMPUTED,NOT_COMPUTED,NOT_COMPUTED,NOT_COMPUTED
