Category_ID,Category_Name,Test_Support,False_Positives,False_Negatives,Observed_Pattern,Possible_Explanation
C1,Party Identification,PLACEHOLDER,NOT_COMPUTED,NOT_COMPUTED,TBD - POST TEST EVALUATION,TBD - POST TEST EVALUATION
C2,Purpose,PLACEHOLDER,NOT_COMPUTED,NOT_COMPUTED,TBD - POST TEST EVALUATION,TBD - POST TEST EVALUATION
C3,NDA Type,PLACEHOLDER,NOT_COMPUTED,NOT_COMPUTED,TBD - POST TEST EVALUATION,TBD - POST TEST EVALUATION
C4,Definition of Confidential Information,PLACEHOLDER,NOT_COMPUTED,NOT_COMPUTED,TBD - POST TEST EVALUATION,TBD - POST TEST EVALUATION
C5,Confidentiality Obligations,PLACEHOLDER,NOT_COMPUTED,NOT_COMPUTED,TBD - POST TEST EVALUATION,TBD - POST TEST EVALUATION
C6,Authorized Disclosure,PLACEHOLDER,NOT_COMPUTED,NOT_COMPUTED,TBD - POST TEST EVALUATION,TBD - POST TEST EVALUATION
C7,Non-Confidential Information,PLACEHOLDER,NOT_COMPUTED,NOT_COMPUTED,TBD - POST TEST EVALUATION,TBD - POST TEST EVALUATION
C8,Liability for Damages,PLACEHOLDER,NOT_COMPUTED,NOT_COMPUTED,TBD - POST TEST EVALUATION,TBD - POST TEST EVALUATION
C9,Competition Rights,PLACEHOLDER,NOT_COMPUTED,NOT_COMPUTED,TBD - POST TEST EVALUATION,TBD - POST TEST EVALUATION
C10,Term and Termination,PLACEHOLDER,NOT_COMPUTED,NOT_COMPUTED,TBD - POST TEST EVALUATION,TBD - POST TEST EVALUATION
C11,Intellectual Property,PLACEHOLDER,NOT_COMPUTED,NOT_COMPUTED,TBD - POST TEST EVALUATION,TBD - POST TEST EVALUATION
C12,Employees,PLACEHOLDER,NOT_COMPUTED,NOT_COMPUTED,TBD - POST TEST EVALUATION,TBD - POST TEST EVALUATION
C13,Governing Law and Jurisdiction,PLACEHOLDER,NOT_COMPUTED,NOT_COMPUTED,TBD - POST TEST EVALUATION,TBD - POST TEST EVALUATION
C14,Additional Information,PLACEHOLDER,NOT_COMPUTED,NOT_COMPUTED,TBD - POST TEST EVALUATION,TBD - POST TEST EVALUATION
