Category_ID,Category_Name,Train_Pos_Support,Val_Pos_Support,Test_Pos_Support,Total_Pos_Support,Prevalence,Train_Pos_Weight
C1,Party Identification,PLACEHOLDER,PLACEHOLDER,PLACEHOLDER,PLACEHOLDER,PLACEHOLDER,PLACEHOLDER
C2,Purpose,PLACEHOLDER,PLACEHOLDER,PLACEHOLDER,PLACEHOLDER,PLACEHOLDER,PLACEHOLDER
C3,NDA Type,PLACEHOLDER,PLACEHOLDER,PLACEHOLDER,PLACEHOLDER,PLACEHOLDER,PLACEHOLDER
C4,Definition of Confidential Information,PLACEHOLDER,PLACEHOLDER,PLACEHOLDER,PLACEHOLDER,PLACEHOLDER,PLACEHOLDER
C5,Confidentiality Obligations,PLACEHOLDER,PLACEHOLDER,PLACEHOLDER,PLACEHOLDER,PLACEHOLDER,PLACEHOLDER
C6,Authorized Disclosure,PLACEHOLDER,PLACEHOLDER,PLACEHOLDER,PLACEHOLDER,PLACEHOLDER,PLACEHOLDER
C7,Non-Confidential Information,PLACEHOLDER,PLACEHOLDER,PLACEHOLDER,PLACEHOLDER,PLACEHOLDER,PLACEHOLDER
C8,Liability for Damages,PLACEHOLDER,PLACEHOLDER,PLACEHOLDER,PLACEHOLDER,PLACEHOLDER,PLACEHOLDER
C9,Competition Rights,PLACEHOLDER,PLACEHOLDER,PLACEHOLDER,PLACEHOLDER,PLACEHOLDER,PLACEHOLDER
C10,Term and Termination,PLACEHOLDER,PLACEHOLDER,PLACEHOLDER,PLACEHOLDER,PLACEHOLDER,PLACEHOLDER
C11,Intellectual Property,PLACEHOLDER,PLACEHOLDER,PLACEHOLDER,PLACEHOLDER,PLACEHOLDER,PLACEHOLDER
C12,Employees,PLACEHOLDER,PLACEHOLDER,PLACEHOLDER,PLACEHOLDER,PLACEHOLDER,PLACEHOLDER
C13,Governing Law and Jurisdiction,PLACEHOLDER,PLACEHOLDER,PLACEHOLDER,PLACEHOLDER,PLACEHOLDER,PLACEHOLDER
C14,Additional Information,PLACEHOLDER,PLACEHOLDER,PLACEHOLDER,PLACEHOLDER,PLACEHOLDER,PLACEHOLDER
