Model,Threshold,Val_Macro_F1,Val_Micro_F1,Test_Macro_F1,Test_Micro_F1,Selected_For_Test
Legal-RoBERTa,0.3,NOT_COMPUTED,NOT_COMPUTED,NOT_COMPUTED,NOT_COMPUTED,NO
Legal-RoBERTa,0.4,NOT_COMPUTED,NOT_COMPUTED,NOT_COMPUTED,NOT_COMPUTED,NO
Legal-RoBERTa,0.5,NOT_COMPUTED,NOT_COMPUTED,NOT_COMPUTED,NOT_COMPUTED,YES
Legal-RoBERTa,0.6,NOT_COMPUTED,NOT_COMPUTED,NOT_COMPUTED,NOT_COMPUTED,NO
Legal-RoBERTa,0.7,NOT_COMPUTED,NOT_COMPUTED,NOT_COMPUTED,NOT_COMPUTED,NO
Legal-BERT,0.3,NOT_COMPUTED,NOT_COMPUTED,NOT_COMPUTED,NOT_COMPUTED,NO
Legal-BERT,0.4,NOT_COMPUTED,NOT_COMPUTED,NOT_COMPUTED,NOT_COMPUTED,NO
Legal-BERT,0.5,NOT_COMPUTED,NOT_COMPUTED,NOT_COMPUTED,NOT_COMPUTED,YES
Legal-BERT,0.6,NOT_COMPUTED,NOT_COMPUTED,NOT_COMPUTED,NOT_COMPUTED,NO
Legal-BERT,0.7,NOT_COMPUTED,NOT_COMPUTED,NOT_COMPUTED,NOT_COMPUTED,NO
DeBERTa-v3,0.3,NOT_COMPUTED,NOT_COMPUTED,NOT_COMPUTED,NOT_COMPUTED,NO
DeBERTa-v3,0.4,NOT_COMPUTED,NOT_COMPUTED,NOT_COMPUTED,NOT_COMPUTED,NO
DeBERTa-v3,0.5,NOT_COMPUTED,NOT_COMPUTED,NOT_COMPUTED,NOT_COMPUTED,YES
DeBERTa-v3,0.6,NOT_COMPUTED,NOT_COMPUTED,NOT_COMPUTED,NOT_COMPUTED,NO
DeBERTa-v3,0.7,NOT_COMPUTED,NOT_COMPUTED,NOT_COMPUTED,NOT_COMPUTED,NO
