category,total_annotations,percentage,documents_present,round_0,round_1,round_2,round_3,warning
Party Identification,0,0.0,0,0,0,0,0,ZERO_EXAMPLES
Purpose,0,0.0,0,0,0,0,0,ZERO_EXAMPLES
NDA Type,0,0.0,0,0,0,0,0,ZERO_EXAMPLES
Definition of Confidential Information,0,0.0,0,0,0,0,0,ZERO_EXAMPLES
Confidentiality Obligations,0,0.0,0,0,0,0,0,ZERO_EXAMPLES
Authorized Disclosure,0,0.0,0,0,0,0,0,ZERO_EXAMPLES
Non-Confidential Information,0,0.0,0,0,0,0,0,ZERO_EXAMPLES
Liability for Damages,0,0.0,0,0,0,0,0,ZERO_EXAMPLES
Competition Rights,0,0.0,0,0,0,0,0,ZERO_EXAMPLES
Term and Termination,0,0.0,0,0,0,0,0,ZERO_EXAMPLES
Intellectual Property,0,0.0,0,0,0,0,0,ZERO_EXAMPLES
Employees,0,0.0,0,0,0,0,0,ZERO_EXAMPLES
Governing Law and Jurisdiction,0,0.0,0,0,0,0,0,ZERO_EXAMPLES
Additional Information,0,0.0,0,0,0,0,0,ZERO_EXAMPLES
