category,valid_clauses_before,documents_before,target_underrepresented,ge_3_docs_before
Party Identification,24,7,No,Yes
Purpose,12,7,No,Yes
NDA Type,6,5,No,Yes
Definition of Confidential Information,7,6,No,Yes
Confidentiality Obligations,22,7,No,Yes
Authorized Disclosure,21,7,No,Yes
Non-Confidential Information,10,6,No,Yes
Liability for Damages,4,2,Yes,No
Competition Rights,3,3,Yes,Yes
Term and Termination,5,4,No,Yes
Intellectual Property,4,3,Yes,Yes
Employees,7,5,No,Yes
Governing Law and Jurisdiction,6,3,Yes,Yes
Additional Information,164,9,No,Yes
