category,total_valid_clauses,category_doc_count,train_support,val_support,test_support,train_present,val_present,test_present
Party Identification,24,7,12,5,7,Yes,Yes,Yes
Purpose,12,7,4,3,5,Yes,Yes,Yes
NDA Type,6,5,3,2,1,Yes,Yes,Yes
Definition of Confidential Information,7,6,2,2,3,Yes,Yes,Yes
Confidentiality Obligations,22,7,6,7,9,Yes,Yes,Yes
Authorized Disclosure,21,7,3,11,7,Yes,Yes,Yes
Non-Confidential Information,10,6,1,4,5,Yes,Yes,Yes
Liability for Damages,4,2,3,0,1,Yes,No,Yes
Competition Rights,3,3,1,1,1,Yes,Yes,Yes
Term and Termination,5,4,1,2,2,Yes,Yes,Yes
Intellectual Property,4,3,1,2,1,Yes,Yes,Yes
Employees,7,5,0,4,3,No,Yes,Yes
Governing Law and Jurisdiction,6,3,3,2,1,Yes,Yes,Yes
Additional Information,164,9,124,34,6,Yes,Yes,Yes
