document_id,number_of_clauses,total_text_length,average_clause_length,median_clause_length,minimum_clause_length,maximum_clause_length,number_of_short_clauses,number_of_suspicious_clauses,number_of_detected_boundaries,quality_warning
0859334b76224ff82c1312ae7b2b5da1,50,22503,448.06,161.0,17,2757,1,0,50,OK
0a42e159b33ed521c4157d8babfaf3c1,56,15478,274.42857142857144,151.5,1,1074,4,4,56,REVIEW
0b59dfc4ce9b40b0c39759dc1ade14bc,33,20272,612.4242424242424,400.0,23,2567,0,0,33,OK
2268c5d1120f1abd57170d689f496418,25,6470,256.88,150.0,2,1452,3,2,25,REVIEW
247166e0245431dcf97ee884f1f07e35,20,7362,366.25,245.0,13,1245,1,1,20,REVIEW
266929af5f5b1ddb4018f2633cb96e24,19,4006,208.94736842105263,193.0,23,589,0,0,19,OK
293f59373f6a966b13cd7463b4617a6f,59,21431,361.2881355932203,254.0,12,2043,2,2,59,REVIEW
3504e06a49433c1456720513186da1bd,16,3218,199.25,78.0,11,1134,1,1,16,REVIEW
4fd432d8ce6796dabc17d3838d8539a2,22,14791,670.9545454545455,581.0,20,1700,0,0,22,OK
5180f107324abcab9d9ff81aee2db8d3,10,15138,1512.1,127.5,1,5621,1,1,10,REVIEW
53c8f90cfb5fb49177c9cb160e53f17b,22,11257,509.72727272727275,316.0,13,1774,3,3,22,REVIEW
586c367e2c45ebd8b7ba96fcb6006bf6,63,17501,275.8253968253968,196.0,17,1680,2,0,63,OK
64303e5aa502b04df2755968eecdc2f5,23,6040,260.69565217391306,158.0,2,1497,3,2,23,REVIEW
9a5cb31024ad0a7a4916e4f122ebea4a,74,41969,565.7702702702703,378.0,12,2730,3,3,74,REVIEW
b82a10c42fc284dba9870ac7c75cd386,18,7892,436.55555555555554,117.0,9,2909,1,1,18,REVIEW
c58882f7f9c693e3f6c11d0f945f395e,16,12161,758.6875,472.0,23,3285,0,0,16,OK
d4566b17b742d10442e98756b95a2730,45,10263,226.11111111111111,117.0,20,927,0,0,45,OK
d714d261edc4d361e7d2ebabccaada50,43,27577,640.1162790697674,340.0,24,2870,0,0,43,OK
e52e4a136a4bb5c859dc6d056f47c743,43,16738,387.86046511627904,314.0,21,2134,0,0,43,OK
f28c4f3d35a152dd415f9b255122cb38,60,39448,655.6833333333333,237.0,1,3736,3,1,60,REVIEW
