document_id,source_pdf,character_count,word_count,line_count,page_count,pages_with_text,status,error_message
0859334b76224ff82c1312ae7b2b5da1,0859334b76224ff82c1312ae7b2b5da1.pdf,22503,3430,309,8,8,success,
0a42e159b33ed521c4157d8babfaf3c1,0a42e159b33ed521c4157d8babfaf3c1.pdf,15478,2380,254,4,4,success,
0b59dfc4ce9b40b0c39759dc1ade14bc,0b59dfc4ce9b40b0c39759dc1ade14bc.pdf,20272,3118,196,4,4,success,
2268c5d1120f1abd57170d689f496418,2268c5d1120f1abd57170d689f496418.pdf,6470,1010,103,3,3,success,
247166e0245431dcf97ee884f1f07e35,247166e0245431dcf97ee884f1f07e35.pdf,7362,1120,97,3,3,success,
266929af5f5b1ddb4018f2633cb96e24,266929af5f5b1ddb4018f2633cb96e24.pdf,4006,623,59,3,3,success,
293f59373f6a966b13cd7463b4617a6f,293f59373f6a966b13cd7463b4617a6f.pdf,21431,3291,289,5,5,success,
3504e06a49433c1456720513186da1bd,3504e06a49433c1456720513186da1bd.pdf,3218,493,63,2,2,success,
4fd432d8ce6796dabc17d3838d8539a2,4fd432d8ce6796dabc17d3838d8539a2.pdf,14791,2312,146,5,5,success,
5180f107324abcab9d9ff81aee2db8d3,5180f107324abcab9d9ff81aee2db8d3.pdf,15138,2398,143,4,4,success,
53c8f90cfb5fb49177c9cb160e53f17b,53c8f90cfb5fb49177c9cb160e53f17b.pdf,11257,1718,140,5,5,success,
586c367e2c45ebd8b7ba96fcb6006bf6,586c367e2c45ebd8b7ba96fcb6006bf6.pdf,17501,2671,319,7,7,success,
64303e5aa502b04df2755968eecdc2f5,64303e5aa502b04df2755968eecdc2f5.pdf,6040,938,93,3,3,success,
9a5cb31024ad0a7a4916e4f122ebea4a,9a5cb31024ad0a7a4916e4f122ebea4a.pdf,41969,6642,407,12,12,success,
b82a10c42fc284dba9870ac7c75cd386,b82a10c42fc284dba9870ac7c75cd386.pdf,7892,1185,107,3,3,success,
c58882f7f9c693e3f6c11d0f945f395e,c58882f7f9c693e3f6c11d0f945f395e.pdf,12161,1906,129,4,4,success,
d4566b17b742d10442e98756b95a2730,d4566b17b742d10442e98756b95a2730.pdf,10263,1556,178,3,3,success,
d714d261edc4d361e7d2ebabccaada50,d714d261edc4d361e7d2ebabccaada50.pdf,27577,4347,292,10,10,success,
e52e4a136a4bb5c859dc6d056f47c743,e52e4a136a4bb5c859dc6d056f47c743.pdf,16738,2539,220,4,4,success,
f28c4f3d35a152dd415f9b255122cb38,f28c4f3d35a152dd415f9b255122cb38.pdf,39448,6140,481,17,17,success,
