clause_id,document_id,clause_text,model_a_labels,model_b_labels,model_c_labels,final_pseudo_labels,model_a_confidence,model_b_confidence,model_c_confidence,average_confidence,agreement_score,pseudo_label_quality,reason,label_source,label_party_identification,label_purpose,label_nda_type,label_definition_of_confidential_information,label_confidentiality_obligations,label_authorized_disclosure,label_non-confidential_information,label_liability_for_damages,label_competition_rights,label_term_and_termination,label_intellectual_property,label_employees,label_governing_law_and_jurisdiction,label_additional_information
0859334b76224ff82c1312ae7b2b5da1_clause_000,0859334b76224ff82c1312ae7b2b5da1,EX-99.15 2 exhibit-ndaexecutionversion.htm,"[""Additional Information""]","[""Additional Information""]","[""Additional Information""]","[""Additional Information""]",0.98,0.95,1.0,0.9767,1.0,HIGH_CONFIDENCE,The text contains document header and filing metadata rather than substantive legal terms. | The text is an SEC exhibit header or metadata document reference and does not contain substantive contractual clauses. | The clause text is a file header or ,llm_pseudo_label,0,0,0,0,0,0,0,0,0,0,0,0,0,1
0859334b76224ff82c1312ae7b2b5da1_clause_001,0859334b76224ff82c1312ae7b2b5da1,EXECUTION VERSION,"[""Additional Information""]","[""Additional Information""]","[""Additional Information""]","[""Additional Information""]",0.99,0.95,1.0,0.98,1.0,HIGH_CONFIDENCE,The text 'EXECUTION VERSION' is a boilerplate document header indicating the version status and does not fall into any specific substantive NDA category. | The text 'EXECUTION VERSION' is an administrative document label that does not fit any substan,llm_pseudo_label,0,0,0,0,0,0,0,0,0,0,0,0,0,1
0859334b76224ff82c1312ae7b2b5da1_clause_005,0859334b76224ff82c1312ae7b2b5da1,"WHEREAS, the Recipient holds 7,517,549 shares of CEDC’s outstanding common stock (the “Common
Stock”).","[""Party Identification""]","[""Party Identification""]","[""Party Identification""]","[""Party Identification""]",0.9,0.95,0.9,0.9167,1.0,HIGH_CONFIDENCE,"The clause provides context identifying the Recipient and its existing shareholding in CEDC. | The clause identifies the Recipient by their specific shareholding stake in the company, which establishes the identity and context of the party. | N/A - M",llm_pseudo_label,1,0,0,0,0,0,0,0,0,0,0,0,0,0
0859334b76224ff82c1312ae7b2b5da1_clause_006,0859334b76224ff82c1312ae7b2b5da1,"WHEREAS the Recipient and CEDC wish to enter into discussions with respect to a potential restructuring of the
Notes and Common Stock (a “Restructuring”).","[""Purpose"", ""Party Identification""]","[""Party Identification"", ""Purpose""]","[""Purpose"", ""Party Identification""]","[""Party Identification"", ""Purpose""]",0.95,0.98,0.95,0.96,1.0,HIGH_CONFIDENCE,The clause identifies the parties involved and specifies the underlying purpose for entering into discussions regarding a potential restructuring. | The clause identifies the involved parties (Recipient and CEDC) and explicitly states the business pu,llm_pseudo_label,1,1,0,0,0,0,0,0,0,0,0,0,0,0
0859334b76224ff82c1312ae7b2b5da1_clause_008,0859334b76224ff82c1312ae7b2b5da1,"NOW THEREFORE, in consideration for receiving certain confidential information and other good and valuable
consideration, the receipt and sufficiency of which are hereby acknowledged, the parties hereto agree as follows:","[""Additional Information""]","[""Additional Information""]","[""Additional Information""]","[""Additional Information""]",0.95,0.98,0.95,0.96,1.0,HIGH_CONFIDENCE,"This clause represents introductory transition language and acknowledgment of consideration, which does not fit into specific substantive NDA categories. | This clause serves as the preamble or introductory recital regarding consideration and does no",llm_pseudo_label,0,0,0,0,0,0,0,0,0,0,0,0,0,1
0859334b76224ff82c1312ae7b2b5da1_clause_009,0859334b76224ff82c1312ae7b2b5da1,1. Scope of Confidential Information.,"[""Definition of Confidential Information""]","[""Definition of Confidential Information""]","[""Definition of Confidential Information""]","[""Definition of Confidential Information""]",0.95,1.0,0.95,0.9667,1.0,HIGH_CONFIDENCE,The text serves as a section heading introducing the definition and scope of Confidential Information. | The clause text explicitly indicates it defines the scope of what constitutes Confidential Information. | N/A - Model unavailable,llm_pseudo_label,0,0,0,1,0,0,0,0,0,0,0,0,0,0
0859334b76224ff82c1312ae7b2b5da1_clause_010,0859334b76224ff82c1312ae7b2b5da1,"1.1 Subject to Section 1.2 below, “Confidential Information” means confidential, secret, proprietary or other non-public
information pertaining to the business, operations, brands, marketing plans, financial matters, legal matters, products,
projects, business plans or practices, research and development, product development, intellectual property, financial
models, trademarks, trade secrets, accounting and financing data, and methods of production, distribution or
procurement, suppliers, distributors, consultants, advisors or employees, directors or officers of CEDC or any of its
Subsidiaries (defined below) (together, the “CEDC Group”) that is disclosed or otherwise made available, either orally or
in writing, by any member of the CEDC Group to the Recipient or its affiliates, agents, or advisors (including, without
limitation, financial advisors, attorneys, banks and other sources of equity and debt financing and accountants)
(collectively, “Representatives”).","[""Definition of Confidential Information""]","[""Definition of Confidential Information""]","[""Definition of Confidential Information""]","[""Definition of Confidential Information""]",0.98,1.0,0.98,0.9867,1.0,HIGH_CONFIDENCE,"The clause explicitly defines the scope, nature, and types of non-public information that constitute Confidential Information. | The clause explicitly defines the scope and meaning of 'Confidential Information' for the purposes of the agreement. | N/",llm_pseudo_label,0,0,0,1,0,0,0,0,0,0,0,0,0,0
0859334b76224ff82c1312ae7b2b5da1_clause_011,0859334b76224ff82c1312ae7b2b5da1,"1.2 Notwithstanding anything herein to the contrary, Confidential Information shall not include any information that (a)
is or becomes publicly available (other than through a breach of this Agreement by the Recipient), (b) is in the
possession of or known to the Recipient or its Representatives prior to such information having been furnished to
Recipient hereunder, (c) is independently conceived, developed or discovered by the Recipient or on its behalf, (d) is
made available to the Recipient or its Representatives by any person other than a member of the CEDC Group without
any known breach of any obligation of confidentiality of such other person, or (e) is the subject of a written confirmation
from CEDC or any of its Subsidiaries or any member of the CEDC Group stating that any such information is not
Confidential Information. In clarification of the foregoing, a general disclosure in the public domain will not cause more
specific (but related) information to be excluded as Confidential Information under one of the above exceptions.","[""Non-Confidential Information""]","[""Non-Confidential Information""]","[""Non-Confidential Information""]","[""Non-Confidential Information""]",0.98,1.0,0.98,0.9867,1.0,HIGH_CONFIDENCE,"The clause defines standard exclusions from Confidential Information, such as publicly available information, prior knowledge, and independent development. | The clause explicitly lists the specific circumstances and criteria under which information ",llm_pseudo_label,0,0,0,0,0,0,1,0,0,0,0,0,0,0
0859334b76224ff82c1312ae7b2b5da1_clause_012,0859334b76224ff82c1312ae7b2b5da1,"1.3 “Subsidiary” of any entity means any other entity in which such first entity owns or Controls, directly or
indirectly, an amount of the voting securities, other voting interests or voting partnership interests sufficient to elect at
least a majority of such other entity’s board of directors or other governing body (or, if there are no such voting interests,
50% or more of the equity interests of such other entity). For purposes of this Section 1.3, “Control” means the
possession, directly or indirectly, of the power to direct or cause the direction of the management and policies of an
individual, corporation, partnership, limited partnership or limited liability company, whether through the ownership of
voting securities, by contract or otherwise.","[""Party Identification""]","[""Party Identification""]","[""Party Identification""]","[""Party Identification""]",0.85,0.98,0.85,0.8933,1.0,HIGH_CONFIDENCE,"This clause defines the terms 'Subsidiary' and 'Control', which serve to identify and define the corporate scope of the entities/parties covered under the agreement. | This clause defines 'Subsidiary' and 'Control', which are terms used to clarify an",llm_pseudo_label,1,0,0,0,0,0,0,0,0,0,0,0,0,0
0859334b76224ff82c1312ae7b2b5da1_clause_014,0859334b76224ff82c1312ae7b2b5da1,"2.1 The Recipient agrees that all Confidential Information will be held and maintained by it in the strictest confidence,
will be used by it solely and exclusively for the purpose of evaluating, negotiating and implementing a Restructuring,
and will not, directly or indirectly, be used or disclosed by it for any other purpose whatsoever. CEDC acknowledges that
Recipient is engaged in businesses similar to those conducted by CEDC and the CEDC Group or other industries in the
ordinary course of Recipient’s business. The Recipient will use reasonable care to maintain the confidentiality of
Confidential Information, provided that such care shall be at least as great as the precautions taken by the Recipient to
protect its own confidential information of similar nature.","[""Purpose"", ""Confidentiality Obligations"", ""Competition Rights""]","[""Purpose"", ""Confidentiality Obligations"", ""Competition Rights""]","[""Purpose"", ""Confidentiality Obligations"", ""Competition Rights""]","[""Competition Rights"", ""Purpose"", ""Confidentiality Obligations""]",0.95,0.95,0.98,0.96,1.0,HIGH_CONFIDENCE,"The clause dictates the standard and obligation of confidentiality, limits use strictly to the evaluation/negotiation of a Restructuring, and acknowledges the recipient's involvement in similar busine | The clause defines the permitted purpose of the",llm_pseudo_label,0,1,0,0,1,0,0,0,1,0,0,0,0,0
0859334b76224ff82c1312ae7b2b5da1_clause_015,0859334b76224ff82c1312ae7b2b5da1,"2.2 The Recipient agrees that it will not, without the prior written consent of CEDC, directly or indirectly, disclose all or
any portion of the Confidential Information, or the substance thereof, to any third party other than its Representatives in
connection with the Purpose, except, subject to Section 2.3 below, to the extent required by applicable law or legal
process.","[""Confidentiality Obligations"", ""Authorized Disclosure""]","[""Confidentiality Obligations"", ""Authorized Disclosure""]","[""Confidentiality Obligations"", ""Authorized Disclosure""]","[""Confidentiality Obligations"", ""Authorized Disclosure""]",0.95,0.95,0.98,0.96,1.0,HIGH_CONFIDENCE,The clause restricts the recipient from disclosing confidential information while defining allowed exceptions for Representatives and disclosures required by law. | The clause outlines the recipient's obligation not to disclose confidential informati,llm_pseudo_label,0,0,0,0,1,1,0,0,0,0,0,0,0,0
0859334b76224ff82c1312ae7b2b5da1_clause_016,0859334b76224ff82c1312ae7b2b5da1,"2.3 The Recipient agrees that if the Recipient is required by any law, court or governmental order to disclose any
Confidential Information, the Recipient will provide CEDC, to the extent practicable and legally permissible, with
prompt written notice of such requirement so that CEDC or the applicable member of the CEDC Group may seek an
appropriate protective order with respect thereto. If such an order is not obtained, only that portion of the Confidential
Information shall be furnished that is legally required to be furnished, at the sole expense of CEDC or one of its
Subsidiaries, and the Recipient shall exercise commercial efforts to obtain reliable assurances that confidential treatment
will be accorded such Confidential Information. Notwithstanding the foregoing, notice to CEDC shall not be required
where disclosure is made (i) in response to a request by a regulatory or self-regulatory authority, or (ii) in connection
with a routine audit or examination by a bank examiner or auditor, and such request, audit or examination does not
reference CEDC or this Agreement.","[""Authorized Disclosure""]","[""Authorized Disclosure""]","[""Authorized Disclosure""]","[""Authorized Disclosure""]",0.95,0.98,1.0,0.9767,1.0,HIGH_CONFIDENCE,"The clause specifies the conditions and procedures for legally compelled or authorized disclosures of Confidential Information. | The clause outlines the terms and procedures for permitted disclosures required by law, court order, or regulatory autho",llm_pseudo_label,0,0,0,0,0,1,0,0,0,0,0,0,0,0
0859334b76224ff82c1312ae7b2b5da1_clause_042,0859334b76224ff82c1312ae7b2b5da1,"CENTRAL EUROPEAN DISTRIBUTION
CORPORATION","[""Party Identification""]","[""Party Identification""]","[""Party Identification""]","[""Party Identification""]",0.98,0.98,1.0,0.9867,1.0,HIGH_CONFIDENCE,"The text specifies the name of a legal entity participating as a party in the agreement. | The clause text identifies a company name, which is used for Party Identification in the agreement. | The text identifies a specific entity, which constitutes ",llm_pseudo_label,1,0,0,0,0,0,0,0,0,0,0,0,0,0
0a42e159b33ed521c4157d8babfaf3c1_clause_000,0a42e159b33ed521c4157d8babfaf3c1,"EX-10.3 5 a10-14025_1ex10d3.htm EX-10.3
Exhibit 10.3","[""Additional Information""]","[""Additional Information""]","[""Additional Information""]","[""Additional Information""]",0.98,0.98,1.0,0.9867,1.0,HIGH_CONFIDENCE,"The clause contains filing header and exhibit metadata with no operative legal text, so it is categorized under Additional Information. | The text contains only exhibit metadata and filing headers with no substantive contractual terms, which falls un",llm_pseudo_label,0,0,0,0,0,0,0,0,0,0,0,0,0,1
0a42e159b33ed521c4157d8babfaf3c1_clause_001,0a42e159b33ed521c4157d8babfaf3c1,MUTUAL CONFIDENTIALITY AGREEMENT,"[""NDA Type""]","[""NDA Type""]","[""NDA Type""]","[""NDA Type""]",0.98,0.95,1.0,0.9767,1.0,HIGH_CONFIDENCE,"The clause text states the title of the agreement, explicitly identifying it as a mutual confidentiality agreement. | The clause text is the title of the document and explicitly states that the agreement is a mutual confidentiality agreement, thereby",llm_pseudo_label,0,0,1,0,0,0,0,0,0,0,0,0,0,0
0a42e159b33ed521c4157d8babfaf3c1_clause_003,0a42e159b33ed521c4157d8babfaf3c1,PRELIMINARY STATEMENTS,"[""Additional Information""]","[""Additional Information""]","[""Additional Information""]","[""Additional Information""]",0.95,0.9,1.0,0.95,1.0,HIGH_CONFIDENCE,"The text 'PRELIMINARY STATEMENTS' is a general preamble heading that does not fall under any specific legal category. | The text is an introductory heading ('PRELIMINARY STATEMENTS') with no substantive terms, making it appropriate for the Additional",llm_pseudo_label,0,0,0,0,0,0,0,0,0,0,0,0,0,1
0a42e159b33ed521c4157d8babfaf3c1_clause_007,0a42e159b33ed521c4157d8babfaf3c1,AGREEMENT,"[""Additional Information""]","[""Additional Information""]","[""Additional Information""]","[""Additional Information""]",0.98,0.9,1.0,0.96,1.0,HIGH_CONFIDENCE,"The single word 'AGREEMENT' is a heading or title and does not contain specific contractual provisions corresponding to the standard categories. | The clause contains only the word 'AGREEMENT', which serves as a heading and does not convey any specif",llm_pseudo_label,0,0,0,0,0,0,0,0,0,0,0,0,0,1
0a42e159b33ed521c4157d8babfaf3c1_clause_034,0a42e159b33ed521c4157d8babfaf3c1,CORGENIX MEDICAL CORPORATION,"[""Party Identification""]","[""Party Identification""]","[""Party Identification""]","[""Party Identification""]",0.98,0.95,1.0,0.9767,1.0,HIGH_CONFIDENCE,"The clause text specifies the legal name of a entity, which falls under Party Identification. | The clause contains the name of a corporation, which serves to identify a party to the agreement. | The text identifies a specific legal entity, which cor",llm_pseudo_label,1,0,0,0,0,0,0,0,0,0,0,0,0,0
0a42e159b33ed521c4157d8babfaf3c1_clause_035,0a42e159b33ed521c4157d8babfaf3c1,FINANCIÈRE ELITECH SAS,"[""Party Identification""]","[""Party Identification""]","[""Party Identification""]","[""Party Identification""]",0.99,0.95,1.0,0.98,1.0,HIGH_CONFIDENCE,"The clause states the name of a legal entity, which serves to identify a party to the agreement. | The clause contains the name of a corporate entity, which is used for party identification in the agreement. | The text identifies a specific legal ent",llm_pseudo_label,1,0,0,0,0,0,0,0,0,0,0,0,0,0
0a42e159b33ed521c4157d8babfaf3c1_clause_041,0a42e159b33ed521c4157d8babfaf3c1,CORGENIX U.K. LTD.,"[""Party Identification""]","[""Party Identification""]","[""Party Identification""]","[""Party Identification""]",0.98,0.95,1.0,0.9767,1.0,HIGH_CONFIDENCE,"The clause text states a company name, which pertains to the identification of a party to the agreement. | The clause contains the name of a company, which is used to identify one of the parties to the agreement. | The text identifies a specific enti",llm_pseudo_label,1,0,0,0,0,0,0,0,0,0,0,0,0,0
0a42e159b33ed521c4157d8babfaf3c1_clause_042,0a42e159b33ed521c4157d8babfaf3c1,"WESCOR, INC.","[""Party Identification""]","[""Party Identification""]","[""Party Identification""]","[""Party Identification""]",0.98,0.95,1.0,0.9767,1.0,HIGH_CONFIDENCE,"The clause consists solely of a company name, which identifies a party involved in the agreement. | The clause identifies one of the corporate entities participating as a party to the agreement. | The clause identifies a specific entity, Wescor, Inc.",llm_pseudo_label,1,0,0,0,0,0,0,0,0,0,0,0,0,0
0a42e159b33ed521c4157d8babfaf3c1_clause_050,0a42e159b33ed521c4157d8babfaf3c1,"1

ELITECH UK LIMITED","[""Party Identification""]","[""Party Identification""]","[""Party Identification""]","[""Party Identification""]",0.98,0.95,0.98,0.97,1.0,HIGH_CONFIDENCE,"The clause text identifies a contracting party by name. | The clause contains the name of a corporate entity, which identifies a party to the agreement. | The text identifies a specific legal entity, which corresponds to the party identification sect",llm_pseudo_label,1,0,0,0,0,0,0,0,0,0,0,0,0,0
0a42e159b33ed521c4157d8babfaf3c1_clause_055,0a42e159b33ed521c4157d8babfaf3c1,2,"[""Additional Information""]","[""Additional Information""]","[""Additional Information""]","[""Additional Information""]",0.99,0.99,1.0,0.9933,1.0,HIGH_CONFIDENCE,"The clause text contains only a single digit and does not fall under any specific legal obligations or standard NDA categories. | The clause consists only of the number '2', which represents a section number or page number and contains no substantive",llm_pseudo_label,0,0,0,0,0,0,0,0,0,0,0,0,0,1
0b59dfc4ce9b40b0c39759dc1ade14bc_clause_000,0b59dfc4ce9b40b0c39759dc1ade14bc,"EX-99.(E)(13) 10 a2082556zex-99_e13.htm EXHIBIT 99(E)(13)
QuickLinks -- Click here to rapidly navigate through this document
Exhibit (e)(13)","[""Additional Information""]","[""Additional Information""]","[""Additional Information""]","[""Additional Information""]",0.99,0.95,1.0,0.98,1.0,HIGH_CONFIDENCE,"The clause text consists solely of document exhibit headers and navigation links rather than legal NDA provisions. | The clause contains only metadata and navigation links, which do not fall under any specific NDA contractual category. | The clause t",llm_pseudo_label,0,0,0,0,0,0,0,0,0,0,0,0,0,1
0b59dfc4ce9b40b0c39759dc1ade14bc_clause_006,0b59dfc4ce9b40b0c39759dc1ade14bc,"(b) Compulsory Disclosure of Evaluation Material. If the Receiving Party or its Representatives are requested or required in any
judicial, arbitral or administrative proceeding or by any governmental or regulatory authority to disclose any Evaluation Material (whether by
deposition, interrogatory, request for documents, subpoena, civil investigative demand, or otherwise), or the Receiving Party is so requested
or required to disclose any of the facts disclosure of which is prohibited under paragraph (3)(e) of this Agreement, the Receiving Party shall
give the Furnishing Party prompt notice of such request so that the Furnishing Party may seek an appropriate protective order or other
appropriate remedy and/or waive compliance with the provisions of this Agreement, and, upon the Furnishing Party's request and at the
Furnishing Party's expense, shall reasonably cooperate with the Furnishing Party in seeking such an order. If, in the absence of a protective
order or other remedy or the receipt of a waiver by the Furnishing Party, the Receiving Party is nontheless, in the opinion of the Receiving
Party's or (in the case of disclosure requested or required of a Representative, such Representative's) outside counsel or General Counsel,
legally compelled to disclose Evaluation Material, the Receiving Party shall disclose only that portion of the Evaluation Material which the
Receiving Party is legally required to disclose and upon the Furnishing Party's request and at the Furnishing Party's expense, shall use all
requisite reasonable efforts to obtain assurances that confidential treatment will be accorded to such Evaluation Material to the extent such
assurances are available. Subject to the foregoing conditions and limitations, the Receiving Party may disclose Evaluation Material under the
circumstances set forth in this paragraph (b) without liability hereunder.","[""Authorized Disclosure""]","[""Authorized Disclosure""]","[""Authorized Disclosure""]","[""Authorized Disclosure""]",0.95,0.95,1.0,0.9667,1.0,HIGH_CONFIDENCE,The clause sets forth the procedure and circumstances under which disclosure of confidential material is authorized if required by law or judicial process. | The clause outlines the process and requirements for compelled or legally required disclosur,llm_pseudo_label,0,0,0,0,0,1,0,0,0,0,0,0,0,0
0b59dfc4ce9b40b0c39759dc1ade14bc_clause_007,0b59dfc4ce9b40b0c39759dc1ade14bc,"(c) Other Public Disclosure. Except (i) for such public disclosure as may be necessary, in the good faith judgment of the disclosing
Party consistent with advice of counsel, for the disclosing Party not to be in violation of any applicable law, regulation or order, or (ii) with","[""Authorized Disclosure""]","[""Authorized Disclosure""]","[""Authorized Disclosure""]","[""Authorized Disclosure""]",0.95,0.95,1.0,0.9667,1.0,HIGH_CONFIDENCE,"The clause specifies exceptions allowing public disclosure when legally required by law, regulation, or court order. | The clause outlines exceptions to non-disclosure restrictions, specifically permitting public disclosures required by law, regulati",llm_pseudo_label,0,0,0,0,0,1,0,0,0,0,0,0,0,0
2268c5d1120f1abd57170d689f496418_clause_000,2268c5d1120f1abd57170d689f496418,Exhibit A,"[""Additional Information""]","[""Additional Information""]","[""Additional Information""]","[""Additional Information""]",0.95,0.95,1.0,0.9667,1.0,HIGH_CONFIDENCE,"The text 'Exhibit A' is a generic exhibit heading with no substantive provisions, placing it under Additional Information. | The text 'Exhibit A' is a structural heading or reference and does not contain substantive NDA provisions, making 'Additional",llm_pseudo_label,0,0,0,0,0,0,0,0,0,0,0,0,0,1
2268c5d1120f1abd57170d689f496418_clause_001,2268c5d1120f1abd57170d689f496418,NON-DISCLOSURE AGREEMENT,[],"[""Additional Information""]","[""Additional Information""]","[""Additional Information""]",0.0,0.95,1.0,0.975,1.0,HIGH_CONFIDENCE,"[1/3 models failed] API_ERROR: 429 RESOURCE_EXHAUSTED. {'error': {'code': 429, 'message': 'You exceeded your current quota, please check your plan and billing details. For more information on this error, head to: https://ai.google. | The clause is th",llm_pseudo_label,0,0,0,0,0,0,0,0,0,0,0,0,0,1
293f59373f6a966b13cd7463b4617a6f_clause_033,293f59373f6a966b13cd7463b4617a6f,"(13) The undersigned specifically authorize and direct Robert S. Thompson, Esquire and Robert W. McFarland, Esquire, or their designees, to execute orders
dismissing the Federal Court Action with prejudice, and further direct the law firm of TSMP Law Corporation and","[""Additional Information""]","[""Additional Information""]","[""Additional Information""]","[""Additional Information""]",0.95,0.95,0.95,0.95,1.0,HIGH_CONFIDENCE,"The clause contains specific authorizations regarding the dismissal of a court action, which does not fit any of the specific defined categories. | The clause discusses the authorization of legal counsel to dismiss a Federal Court Action, which does ",llm_pseudo_label,0,0,0,0,0,0,0,0,0,0,0,0,0,1
293f59373f6a966b13cd7463b4617a6f_clause_034,293f59373f6a966b13cd7463b4617a6f,"7

Cherrin Wong and the law firm of Rajah Tann, to execute all documents necessary to dismiss with prejudice the Claims and Counterclaim in the Singapore Action.","[""Additional Information""]","[""Additional Information""]","[""Additional Information""]","[""Additional Information""]",0.95,0.95,0.98,0.96,1.0,HIGH_CONFIDENCE,"The clause pertains to the procedural execution of documents to dismiss legal claims and counterclaims, which falls outside standard NDA categories. | The clause pertains to executing documents to dismiss legal claims and counterclaims, which does no",llm_pseudo_label,0,0,0,0,0,0,0,0,0,0,0,0,0,1
293f59373f6a966b13cd7463b4617a6f_clause_038,293f59373f6a966b13cd7463b4617a6f,"(16) This Agreement contains the entire agreement between the parties hereto, regarding the issues and disputes which have arisen in the Federal Action, the
Florida Action and the Singapore Action, and all other related matters regarding the rights, duties and obligations under the aforementioned matters, and no
promise, inducement, agreement or other consideration not herein expressed has been made between the parties. It is expressly understood and agreed that
this Agreement may not be altered, amended, modified or otherwise changed in any respect or particular whatsoever, except by a writing duly executed by an
authorized representative of each of the Parties.","[""Additional Information""]","[""Additional Information""]","[""Additional Information""]","[""Additional Information""]",0.95,0.95,0.98,0.96,1.0,HIGH_CONFIDENCE,"This clause contains entire agreement (integration) and modification provisions, which do not fit into any of the specific categories. | This clause contains entire agreement (integration) and amendment provisions, which are boilerplate legal terms c",llm_pseudo_label,0,0,0,0,0,0,0,0,0,0,0,0,0,1
293f59373f6a966b13cd7463b4617a6f_clause_039,293f59373f6a966b13cd7463b4617a6f,"(17) The undersigned acknowledge that they have read the foregoing provisions of this document before executing it and that they understand its provisions, or
have made any","[""Additional Information""]","[""Additional Information""]","[""Additional Information""]","[""Additional Information""]",0.95,0.95,0.98,0.96,1.0,HIGH_CONFIDENCE,This clause contains general acknowledgment boilerplate confirming that the signatories have read and understood the agreement. | The clause contains standard boilerplate language acknowledging that the parties have read and understood the agreement ,llm_pseudo_label,0,0,0,0,0,0,0,0,0,0,0,0,0,1
293f59373f6a966b13cd7463b4617a6f_clause_041,293f59373f6a966b13cd7463b4617a6f,"10

(18) Should any provision of this Agreement be held by a court or tribunal of competent jurisdiction to be unenforceable, or enforceable only if modified, that
holding shall not affect the validity of the remainder of this Agreement, the balance of which shall continue to be binding upon the parties, with any modification to
become a part hereof and treated as though contained in this original Agreement.","[""Additional Information""]","[""Additional Information""]","[""Additional Information""]","[""Additional Information""]",0.95,0.95,0.98,0.96,1.0,HIGH_CONFIDENCE,"This is a severability clause addressing the enforceability of the agreement's provisions, which does not fall under any specific category. | This is a standard severability clause, which is a boilerplate legal provision and does not fit into any of ",llm_pseudo_label,0,0,0,0,0,0,0,0,0,0,0,0,0,1
293f59373f6a966b13cd7463b4617a6f_clause_043,293f59373f6a966b13cd7463b4617a6f,"(20) This Agreement shall be effective whether executed as a single document or in counterparts, and taken together shall be deemed a single binding and
enforceable instrument. True copies of this Agreement have the same force and effect as an original.","[""Additional Information""]","[""Additional Information""]","[""Additional Information""]","[""Additional Information""]",0.95,0.95,1.0,0.9667,1.0,HIGH_CONFIDENCE,"This clause deals with standard boilerplate execution mechanics (counterparts and true copies) that do not fall under the specific operational NDA categories. | This clause relates to execution in counterparts and the validity of copies, which is a s",llm_pseudo_label,0,0,0,0,0,0,0,0,0,0,0,0,0,1
293f59373f6a966b13cd7463b4617a6f_clause_044,293f59373f6a966b13cd7463b4617a6f,"THE UNDERSIGNED HAVE READ THIS RELEASE, UNDERSTANDS IT FULLY, AND SIGNS IT VOLUNTARILY, WITH THE INTENT TO BE LEGALLY BOUND
THEREBY.","[""Additional Information""]","[""Additional Information""]","[""Additional Information""]","[""Additional Information""]",0.95,0.95,0.98,0.96,1.0,HIGH_CONFIDENCE,"The clause contains standard signature boilerplate acknowledging understanding and intent to be bound, which falls under Additional Information. | The clause is a standard acknowledgment of reading and understanding the agreement prior to signing, wh",llm_pseudo_label,0,0,0,0,0,0,0,0,0,0,0,0,0,1
293f59373f6a966b13cd7463b4617a6f_clause_045,293f59373f6a966b13cd7463b4617a6f,"IN WITNESS WHEREOF, we do hereby set our hands and seals.","[""Additional Information""]","[""Additional Information""]","[""Additional Information""]","[""Additional Information""]",0.95,0.95,1.0,0.9667,1.0,HIGH_CONFIDENCE,This is a standard formal execution boilerplate statement ('In Witness Whereof') and does not fit any of the specific operational categories. | This is a standard boilerplate execution clause that does not fall under any of the other specific categor,llm_pseudo_label,0,0,0,0,0,0,0,0,0,0,0,0,0,1
293f59373f6a966b13cd7463b4617a6f_clause_046,293f59373f6a966b13cd7463b4617a6f,"(1)
IMAGINE EXHIBITIONS, INC., a Georgia corporation","[""Party Identification""]","[""Party Identification""]","[""Party Identification""]","[""Party Identification""]",0.99,1.0,1.0,0.9967,1.0,HIGH_CONFIDENCE,"The text explicitly names one of the contracting parties and its jurisdiction of incorporation. | The clause identifies one of the parties involved in the agreement, specifically IMAGINE EXHIBITIONS, INC. | The clause explicitly identifies a legal en",llm_pseudo_label,1,0,0,0,0,0,0,0,0,0,0,0,0,0
293f59373f6a966b13cd7463b4617a6f_clause_048,293f59373f6a966b13cd7463b4617a6f,"(2)
IMAGINE EXHIBITIONS, INC., a Nevada corporation","[""Party Identification""]","[""Party Identification""]","[""Party Identification""]","[""Party Identification""]",0.99,0.99,1.0,0.9933,1.0,HIGH_CONFIDENCE,"The clause explicitly identifies one of the legal entities/parties entering into the agreement. | The clause identifies a party to the agreement, specifically Imagine Exhibitions, Inc. | The clause explicitly identifies one of the parties to the agre",llm_pseudo_label,1,0,0,0,0,0,0,0,0,0,0,0,0,0
3504e06a49433c1456720513186da1bd_clause_001,3504e06a49433c1456720513186da1bd,"1.
 Not to use the Information except for the sole purpose of providing consulting services requested by Client.","[""Purpose"", ""Confidentiality Obligations""]","[""Purpose"", ""Confidentiality Obligations""]","[""Purpose"", ""Confidentiality Obligations""]","[""Confidentiality Obligations"", ""Purpose""]",0.95,0.95,0.98,0.96,1.0,HIGH_CONFIDENCE,The clause defines the permitted purpose for using the confidential information and imposes a use restriction obligation. | The clause outlines restrictions on how the information can be used (Confidentiality Obligations) and defines the specific per,llm_pseudo_label,0,1,0,0,1,0,0,0,0,0,0,0,0,0
3504e06a49433c1456720513186da1bd_clause_002,3504e06a49433c1456720513186da1bd,"2.
 To safeguard the Information against disclosure to others with the same degree of care as it exercises with its own information of a similar
nature; and","[""Confidentiality Obligations""]","[""Confidentiality Obligations""]","[""Confidentiality Obligations""]","[""Confidentiality Obligations""]",0.98,0.98,1.0,0.9867,1.0,HIGH_CONFIDENCE,The clause outlines the required standard of care to protect and safeguard confidential information from unauthorized disclosure. | The clause outlines the standard of care required to safeguard confidential information from unauthorized disclosure. ,llm_pseudo_label,0,0,0,0,1,0,0,0,0,0,0,0,0,0
3504e06a49433c1456720513186da1bd_clause_004,3504e06a49433c1456720513186da1bd,"a)
 Which Anson can demonstrate by written records was previously known to it;","[""Non-Confidential Information""]","[""Non-Confidential Information""]","[""Non-Confidential Information""]","[""Non-Confidential Information""]",0.95,0.98,1.0,0.9767,1.0,HIGH_CONFIDENCE,"This clause specifies an exception to confidentiality for information that was already known to the receiving party prior to disclosure, evidenced by written records. | The clause outlines a standard exception to confidentiality, specifically identif",llm_pseudo_label,0,0,0,0,0,0,1,0,0,0,0,0,0,0
3504e06a49433c1456720513186da1bd_clause_005,3504e06a49433c1456720513186da1bd,"b)
 Which is now, or becomes in the future, public knowledge other than through acts or omissions of Anson;","[""Non-Confidential Information""]","[""Non-Confidential Information""]","[""Non-Confidential Information""]","[""Non-Confidential Information""]",0.98,0.98,1.0,0.9867,1.0,HIGH_CONFIDENCE,"The clause defines an exception to confidential information for information that is or becomes publicly known through no wrongful act or omission. | The clause describes a standard exception to confidentiality obligations, specifically information th",llm_pseudo_label,0,0,0,0,0,0,1,0,0,0,0,0,0,0
3504e06a49433c1456720513186da1bd_clause_006,3504e06a49433c1456720513186da1bd,"c)
 Which is lawfully obtained by Anson from sources independent of Client; or","[""Non-Confidential Information""]","[""Non-Confidential Information""]","[""Non-Confidential Information""]","[""Non-Confidential Information""]",0.98,0.95,1.0,0.9767,1.0,HIGH_CONFIDENCE,The clause defines a standard exception to confidential information for information lawfully obtained from independent third parties. | The clause defines an exception to confidentiality obligations for information lawfully obtained from independent ,llm_pseudo_label,0,0,0,0,0,0,1,0,0,0,0,0,0,0
3504e06a49433c1456720513186da1bd_clause_009,3504e06a49433c1456720513186da1bd,"PAGE 1
TechniScan Medical Systems, Inc.","[""Party Identification""]","[""Party Identification""]","[""Party Identification""]","[""Party Identification""]",0.95,0.85,0.98,0.9267,1.0,HIGH_CONFIDENCE,"The text identifies a corporate entity that is a party to the agreement. | The clause contains the name of TechniScan Medical Systems, Inc., which is a party to the agreement, although it appears in a header or footer format. | The clause text identi",llm_pseudo_label,1,0,0,0,0,0,0,0,0,0,0,0,0,0
4fd432d8ce6796dabc17d3838d8539a2_clause_000,4fd432d8ce6796dabc17d3838d8539a2,"EX-99.(D)(3) 10 dex99d3.htm CONFIDENTIALITY AND STANDSTILL AGREEMENT
Exhibit (d)(3)
March 16, 2010
Somanetics Corporation
1653 East Maple Road
Troy, MI 48083
Ladies and Gentlemen:
In connection with our possible interest in a transaction involving the acquisition of Somanetics Corporation (the “Company”), you are furnishing us
or our representatives with certain information which is either non-public, confidential or proprietary in nature. All information furnished to us or
our representatives by the Company or any of its employees, representatives, agents or advisors (including attorneys, accountants and financial
advisors), shall be considered confidential and proprietary, and together with analyses, compilations, forecasts, studies or other documents prepared
by us, our agents, advisors (including attorneys, accountants and financial advisors), representatives or employees which contain such information, is
hereinafter referred to as the “Information”. In consideration of the Company furnishing us with the Information, we agree that:","[""Party Identification"", ""Purpose"", ""Definition of Confidential Information""]","[""Party Identification"", ""Purpose"", ""Definition of Confidential Information""]","[""Party Identification"", ""Purpose"", ""Definition of Confidential Information""]","[""Party Identification"", ""Purpose"", ""Definition of Confidential Information""]",0.95,0.95,0.98,0.96,1.0,HIGH_CONFIDENCE,"The clause identifies the party (Somanetics Corporation), specifies the evaluation of a potential acquisition as the purpose, and defines what constitutes confidential 'Information'. | The clause identifies the parties involved, outlines the business",llm_pseudo_label,1,1,0,1,0,0,0,0,0,0,0,0,0,0
4fd432d8ce6796dabc17d3838d8539a2_clause_002,4fd432d8ce6796dabc17d3838d8539a2,"2. Without the prior written consent of the other party, neither party nor its representatives shall disclose to any person either the fact that discussions
or negotiations are taking place concerning the possible transaction referred to herein or any of the terms, conditions or other facts with respect to
any such possible transaction including the status thereof, except as required by applicable law or exchange listing agreements, rules or policies.","[""Confidentiality Obligations"", ""Authorized Disclosure""]","[""Confidentiality Obligations"", ""Authorized Disclosure""]","[""Confidentiality Obligations"", ""Authorized Disclosure""]","[""Authorized Disclosure"", ""Confidentiality Obligations""]",0.95,0.95,0.98,0.96,1.0,HIGH_CONFIDENCE,The clause restricts disclosure regarding ongoing discussions and transaction details (Confidentiality Obligations) while permitting exceptions required by law or stock exchange rules (Authorized Disc | The clause restricts the parties from disclosin,llm_pseudo_label,0,0,0,0,1,1,0,0,0,0,0,0,0,0
4fd432d8ce6796dabc17d3838d8539a2_clause_003,4fd432d8ce6796dabc17d3838d8539a2,"3. All copies of the Information, except for that portion of the Information which consists of analyses, compilations, forecasts, studies or other
documents prepared by us, our agents, representatives, advisors or employees, will be returned to the Company promptly upon request or if we
decide not to proceed with an acquisition of the Company (and we will inform the Company promptly of any such decision). At the time of such
return, we will destroy any such analyses, compilations, forecasts, studies or other documents prepared by us, our agents, representatives, advisors or
employees.","[""Confidentiality Obligations""]","[""Confidentiality Obligations""]","[""Confidentiality Obligations""]","[""Confidentiality Obligations""]",0.95,0.95,0.98,0.96,1.0,HIGH_CONFIDENCE,The clause specifies obligations regarding the prompt return or destruction of confidential information and derivative documents upon request or termination of discussion. | The clause outlines the obligation to return or destroy confidential informa,llm_pseudo_label,0,0,0,0,1,0,0,0,0,0,0,0,0,0
4fd432d8ce6796dabc17d3838d8539a2_clause_004,4fd432d8ce6796dabc17d3838d8539a2,"1

2

4. The term Information shall not include such portions of the Information which (i) are or become generally available to the public other than as a
result of disclosure by us, our affiliates, agents, representatives, advisors or employees, or (ii) become available to us or to our affiliates, agents,
representatives, advisors or employees on a non-confidential basis from a source which was not then prohibited from disclosing such Information to
us by a legal, contractual or fiduciary obligation to the Company, or (iii) which was in our possession, or in the possession of our affiliates, agents,
representatives, advisors or employees, or otherwise available to us, or to our affiliates, agents, representatives, advisors or employees, on a non-
confidential basis prior to its disclosure to us or one or more of our affiliates, agents, representatives, advisors or employees, or (iv) which is
independently acquired or developed by us without violating any obligations under this Agreement.","[""Non-Confidential Information""]","[""Non-Confidential Information""]","[""Non-Confidential Information""]","[""Non-Confidential Information""]",0.98,0.99,1.0,0.99,1.0,HIGH_CONFIDENCE,"The clause lists the standard legal exclusions defining what information is considered non-confidential. | The clause outlines standard exceptions to the definition of confidential information, such as public domain, prior possession, and independent",llm_pseudo_label,0,0,0,0,0,0,1,0,0,0,0,0,0,0
4fd432d8ce6796dabc17d3838d8539a2_clause_006,4fd432d8ce6796dabc17d3838d8539a2,"6. In the event that we or anyone to whom we transmit the Information pursuant to this Agreement is requested or becomes legally compelled to
disclose any of the Information (whether by oral questions, interrogatories, requests for Information or documents, subpoena, Civil Investigative
Demand or similar process or otherwise), we will provide the Company with prompt notice, to the extent practicable, so that the Company may seek
a protective order or other appropriate remedy and/or waive compliance with the provisions of this Agreement. We will cooperate with the Company,
at the Company’s expense, to obtain such protective order or other appropriate remedy. In the event that such protective order or other remedy is not
obtained, the Company agrees that such disclosure may be made without liability hereunder. We will furnish only that portion of the Information
which we are, in the opinion of our counsel or the counsel of our representative, legally required to disclose and will use reasonable efforts to obtain
reliable assurance that confidential treatment will be accorded the Information.","[""Authorized Disclosure""]","[""Authorized Disclosure""]","[""Authorized Disclosure""]","[""Authorized Disclosure""]",0.98,0.98,1.0,0.9867,1.0,HIGH_CONFIDENCE,"The clause outlines the procedures and requirements for legally compelled disclosures, such as providing notice and cooperating to obtain a protective order. | The clause outlines the procedures, notice requirements, and limitations for disclosing co",llm_pseudo_label,0,0,0,0,0,1,0,0,0,0,0,0,0,0
4fd432d8ce6796dabc17d3838d8539a2_clause_007,4fd432d8ce6796dabc17d3838d8539a2,"7. We agree that for a period of one year from the date of this Agreement, we and our affiliates will not solicit for employment any employee of the
Company with whom we or our affiliates had direct contact in connection with our consideration of a possible transaction hereunder.
Notwithstanding the foregoing, this paragraph shall not preclude our right to make generalized searches for employees by use of advertisements in
the media (including, without limitation, trade media) or by engaging search firms, so long as such general searches are not specifically targeted at
such Company employees, and we shall not be prohibited from, and shall not be required to obtain the Company’s consent prior to, offering to
employ or employing any person who (i) contacts us on his or her own initiative without any direct or indirect solicitation by us, (ii) responds to an
advertisement or other general solicitation for employment not directed at employees of the Company, (iii) began employment discussions with us
prior to the date of this agreement or (iv) is no longer employed by the Company at the time we commence employment discussions with such
person.","[""Employees""]","[""Employees""]","[""Employees""]","[""Employees""]",0.98,0.98,1.0,0.9867,1.0,HIGH_CONFIDENCE,"The clause outlines non-solicitation and employment restrictions concerning the Company's employees. | The clause outlines restrictions, conditions, and exceptions regarding the solicitation and hiring of the Company's employees. | The clause specifi",llm_pseudo_label,0,0,0,0,0,0,0,0,0,0,0,1,0,0
5180f107324abcab9d9ff81aee2db8d3_clause_000,5180f107324abcab9d9ff81aee2db8d3,"EX-99.(E).(3) 5 d443014dex99e3.htm CONFIDENTIALITY AGREEMENT BETWEEN SUN PHARMACEUTICAL
INDUSTRIES, INC.
Exhibit (e)(3)
May 11, 2012","[""Party Identification"", ""Additional Information""]","[""Party Identification"", ""Additional Information""]","[""Party Identification"", ""Additional Information""]","[""Additional Information"", ""Party Identification""]",0.9,0.9,0.98,0.9267,1.0,HIGH_CONFIDENCE,"The clause contains exhibit metadata and dates while identifying Sun Pharmaceutical Industries, Inc. as a party to the agreement. | The clause serves as the title page and header, identifying the agreement date and Sun Pharmaceutical Industries, Inc.",llm_pseudo_label,1,0,0,0,0,0,0,0,0,0,0,0,0,1
5180f107324abcab9d9ff81aee2db8d3_clause_001,5180f107324abcab9d9ff81aee2db8d3,"CONFIDENTIAL AND PROPRIETARY
James Hattersley
Vice President, Corp. Business Development
Sun Pharmaceutical Industries, Inc.
270 Prospect Plains Road
Cranbury, New Jersey 08512
Re: Confidentiality Agreement
Dear Mr. Hattersley:
In connection with your evaluation of a potential transaction (the “Potential Transaction”) with DUSA Pharmaceuticals, Inc. (the “Company”),
we are prepared to make available to you and/or your Representatives (as defined below) certain confidential information relating to the Company
and/or the Potential Transaction. As a condition to such information being furnished to you and your Representatives, you hereby agree to treat any
Information (as defined below), whether prepared by the Company, its Representatives or otherwise, which is furnished to you or your
Representatives now or in the future by or on behalf of the Company pursuant hereto in accordance with the terms and provisions of this agreement
(this “Agreement”) and to take or abstain from taking certain other actions as hereinafter set forth. As used herein, a party’s “Representatives” shall
mean such party’s directors, officers, employees, agents, affiliates and advisors (including, without limitation, such party’s attorneys, accountants,
consultants and financial advisors).
The term “Information” shall be deemed to mean (subject to the following sentence) any confidential or otherwise proprietary information
relating to the Company that the Company or any of its Representatives disclose to you, on or after the date of this Agreement, regardless of the
manner in which it is furnished, together with all portions of notes, analyses, compilations, studies, interpretations or other documents prepared by
you or your Representatives which contain, in whole or in part, the Information furnished to you or your Representatives pursuant to this Agreement.
The term “Information” shall not include, and the obligations of this Agreement shall not apply to, information which (i) is or becomes generally
available to the public other than as a result of an unauthorized disclosure by you or your Representatives in breach of this Agreement, (ii) was
within your or any of your Representative’s possession prior to its being furnished to you by or on behalf of the Company pursuant to this
Agreement, provided that the source of such information was not known by you to be bound by an agreement with or other contractual, legal or
fiduciary obligation of confidentiality to the Company or any other party with respect to such information, (iii) becomes available to you or any of
your Representatives from a source other than the Company or any of its Representatives, provided that such source is not known by you to be
bound by an agreement with or other contractual, legal or fiduciary obligation of confidentiality to the Company or any other party with respect to
such information, or (iv) was or is developed by you or your Representatives independently of such information.
Except as otherwise provided herein, you hereby agree that you and your Representatives shall use the Information solely for the purpose of
evaluating the Potential Transaction, that the Information will be kept strictly confidential by you and your Representatives, and that you and your
Representatives will not disclose any of the Information in any manner whatsoever; provided, however, that (i) you may make any disclosure of the
Information to which the Company gives its prior written consent, (ii) any of the Information may be disclosed to your Representatives who need to
know the Information for the sole purpose of evaluating the Potential Transaction, who agree to nondisclosure and non-use terms with respect to the
Information that are no less strict than the terms of this Agreement and (iii) any Information may be disclosed if required by operation of law, rule or
regulation or by any court or other governmental or regulatory authority; provided that you provide prompt written notice to the Company so that the
Company may seek a protective order or other appropriate remedy. If, in the absence of a protective order or other appropriate remedy or the receipt
of a waiver by the Company, you or any of your","[""Party Identification"", ""Purpose"", ""Definition of Confidential Information"", ""Non-Confidential Information"", ""Confidentiality Obligations"", ""Authorized Disclosure""]","[""Party Identification"", ""Purpose"", ""Definition of Confidential Information"", ""Confidentiality Obligations"", ""Authorized Disclosure"", ""Non-Confidential Information""]","[""Party Identification"", ""Purpose"", ""Definition of Confidential Information"", ""Confidentiality Obligations"", ""Authorized Disclosure"", ""Non-Confidential Information"", ""Employees""]","[""Party Identification"", ""Definition of Confidential Information"", ""Authorized Disclosure"", ""Confidentiality Obligations"", ""Purpose"", ""Non-Confidential Information""]",0.95,0.98,0.98,0.97,0.9048,HIGH_CONFIDENCE,"The clause covers party identification, evaluation purpose, definitions of confidential and non-confidential information, restrictions on use/disclosure, and authorized disclosures to representatives  | The clause identifies the transacting parties, ",llm_pseudo_label,1,1,0,1,1,1,1,0,0,0,0,0,0,0
5180f107324abcab9d9ff81aee2db8d3_clause_002,5180f107324abcab9d9ff81aee2db8d3,"1

Representatives are nonetheless, upon advice of counsel, legally compelled to disclose Information or else stand liable for contempt or suffer other
censure or penalty, you or your Representative, as applicable, may, without liability hereunder, disclose only that portion of the Information which
such counsel advises is legally required to be disclosed, provided that you and your Representative exercise your respective reasonable efforts to
preserve the confidentiality of the Information, including, without limitation, by cooperating with the Company, at the Company’s expense, to obtain
an appropriate protective order or other reliable assurance that confidential treatment will be accorded the Information. In any event, you shall be
responsible for any breach of this Agreement by any of your Representatives.
You represent that neither you nor any of your Representatives has entered into, directly or indirectly, any agreement or understanding with
any person (other than any agreement between you and your Representatives) with respect to a Potential Transaction or that could otherwise affect
such person’s decisions or actions with respect to a Potential Transaction involving the Company. In addition, you agree that, without the prior
written consent of the Company, you and your Representatives will not disclose to any other person the fact that the Information has been made
available to you or that discussions or negotiations are taking place between the Company and you concerning the Potential Transaction or any of the
terms, conditions or other facts with respect thereto (including the status thereof), unless in the opinion of your counsel such disclosure is required by
law, rule or regulation or by any court or other governmental or regulatory authority; provided that you provide prompt written notice to the
Company so that the Company may seek a protective order or other appropriate remedy.
Nothing contained in this Agreement shall require either party hereto to enter into the Potential Transaction or any other transaction or to
negotiate for the same for any specified period of time. All Information disclosed to you shall be and remain the property of the Company and this
Agreement shall not be construed as a license or any other grant of any right whatsoever in the Information. For clarity, no license under any patent,
copyright, trademark, other intellectual property right or any application therefore is hereby granted or implied by the provision of the Information to
you or your Representatives. Neither you nor your Representatives shall alter or obliterate any trademark or any other proprietary mark or notice
thereof of the Company on any copy of the Information, and you shall reproduce any such mark or notice on all copies of the Information.
You agree that upon the request of the Company, you will return to the Company or destroy all Information furnished to you or your
Representatives by or on behalf of the Company, without retaining any copies or extracts thereof, and you will destroy all portions of reports,
analyses, memoranda, notes or other documents prepared by you or your Representatives that contain the Information. You will confirm to us in
writing that destruction of all such Information has been completed. Notwithstanding the foregoing, the Company acknowledges that, in the ordinary
course of your business and as a part of your customary practices, after the destruction or return of other copies of the Information, electronic copies
of such Information may still remain on archives, hard drives, backup tapes and similar formats, and the Company acknowledges that, provided such
Information is not used or disclosed by you or your Representatives contrary to the terms of this Agreement, such remaining copies shall not be
deemed a breach of this paragraph. Furthermore, notwithstanding anything to the contrary herein, you and your Representatives may retain copies of
any Information in order to comply with your and their legal and regulatory record-keeping obligations, and do not have to return or destroy
Information to the extent that retention of such Information is, in good faith, in order to comply with your or their regulators’ and/or auditors’
expectations of best practices and/or applicable law or to defend yourself or themselves in litigation.
In consideration of and as a condition to the Company furnishing the Information to you under this Agreement, you agree that for a period of
one year from the date of this Agreement, neither you nor any of your affiliates will, directly or indirectly, solicit or employ any of the i) current
officers or director-level employees, without obtaining the prior written consent of the Company, or ii) other employees of the Company (so long as
they are employed by the Company) who are in discussion with you relating to this Agreement, without obtaining the prior written consent of the
Company, (it being understood that any newspaper or other general solicitation, including without limitation, web-based advertisements, not directed
specifically to such person shall not be deemed to be a solicitation for purposes of this provision).
You acknowledge and agree that the Company will be irreparably injured by a breach of this Agreement by you or your Representatives, that
monetary remedies may be inadequate to protect the Company against any actual or threatened breach of this Agreement by you or your
Representatives, and that the Company shall be entitled to seek specific performance or other equitable relief as a remedy for any such breach
without posting a bond.","[""Confidentiality Obligations"", ""Authorized Disclosure"", ""Intellectual Property"", ""Employees"", ""Liability for Damages""]","[""Confidentiality Obligations"", ""Authorized Disclosure"", ""Intellectual Property"", ""Employees"", ""Liability for Damages""]","[""Authorized Disclosure"", ""Confidentiality Obligations"", ""Employees"", ""Intellectual Property"", ""Liability for Damages""]","[""Authorized Disclosure"", ""Confidentiality Obligations"", ""Employees"", ""Liability for Damages"", ""Intellectual Property""]",0.95,0.95,0.98,0.96,1.0,HIGH_CONFIDENCE,"The clause covers legally required disclosures (Authorized Disclosure), confidentiality and non-disclosure obligations including return/destruction of data (Confidentiality Obligations), retention of  | The clause contains provisions regarding legall",llm_pseudo_label,0,0,0,0,1,1,0,1,0,0,1,1,0,0
5180f107324abcab9d9ff81aee2db8d3_clause_004,5180f107324abcab9d9ff81aee2db8d3,"3

Please confirm your agreement with the foregoing by executing this Agreement in the space provided below and returning one copy of this
Agreement to us for our files.","[""Additional Information""]","[""Additional Information""]","[""Additional Information""]","[""Additional Information""]",0.95,0.95,1.0,0.9667,1.0,HIGH_CONFIDENCE,"The clause contains standard administrative instructions regarding the execution and confirmation of the agreement. | This clause contains administrative instructions regarding the execution and return of the agreement, which does not fit any specifi",llm_pseudo_label,0,0,0,0,0,0,0,0,0,0,0,0,0,1
5180f107324abcab9d9ff81aee2db8d3_clause_006,5180f107324abcab9d9ff81aee2db8d3,"Robert F. Doman,
President and CEO","[""Party Identification""]","[""Party Identification""]","[""Party Identification""]","[""Party Identification""]",0.95,0.9,1.0,0.95,1.0,HIGH_CONFIDENCE,The text identifies an individual signatory and their title representing a party to the agreement. | The clause identifies a signatory and their official title representing one of the parties to the agreement. | The clause identifies a signatory and ,llm_pseudo_label,1,0,0,0,0,0,0,0,0,0,0,0,0,0
5180f107324abcab9d9ff81aee2db8d3_clause_007,5180f107324abcab9d9ff81aee2db8d3,"Accepted and agreed to as of the date
first written above:","[""Additional Information""]","[""Additional Information""]","[""Additional Information""]","[""Additional Information""]",0.95,0.95,1.0,0.9667,1.0,HIGH_CONFIDENCE,"The text is a standard signature execution block line indicating acceptance, which does not fall under any specific substantive NDA category. | The clause is a standard transition to the signature block indicating acceptance and agreement, which does",llm_pseudo_label,0,0,0,0,0,0,0,0,0,0,0,0,0,1
5180f107324abcab9d9ff81aee2db8d3_clause_008,5180f107324abcab9d9ff81aee2db8d3,"By: /s/ James E. Hattersley
 James E. Hattersley
 Vice President, Business Development
 Sun Pharmaceutical Industries, Inc.","[""Party Identification""]","[""Party Identification""]","[""Party Identification""]","[""Party Identification""]",0.95,0.95,1.0,0.9667,1.0,HIGH_CONFIDENCE,"This clause is a signature block that identifies one of the contracting parties and its authorized representative. | The clause contains the signature block, which identifies the signing representative and the party (Sun Pharmaceutical Industries, In",llm_pseudo_label,1,0,0,0,0,0,0,0,0,0,0,0,0,0
5180f107324abcab9d9ff81aee2db8d3_clause_009,5180f107324abcab9d9ff81aee2db8d3,4,"[""Additional Information""]","[""Additional Information""]","[""Additional Information""]","[""Additional Information""]",0.98,0.99,1.0,0.99,1.0,HIGH_CONFIDENCE,"The text consists solely of a section number with no substantive legal obligations or information, defaulting to Additional Information. | The clause contains only a single number, likely a page or section number, which does not contain any substanti",llm_pseudo_label,0,0,0,0,0,0,0,0,0,0,0,0,0,1
53c8f90cfb5fb49177c9cb160e53f17b_clause_000,53c8f90cfb5fb49177c9cb160e53f17b,EX-99.D.4 13 w01967iexv99wdw4.htm EXHIBIT (D)(4),"[""Additional Information""]","[""Additional Information""]","[""Additional Information""]","[""Additional Information""]",0.99,0.99,1.0,0.9933,1.0,HIGH_CONFIDENCE,The clause contains document header and exhibit reference metadata without substantive legal content. | The text is an SEC filing header/exhibit marker and does not contain any substantive contractual obligations or information related to the other c,llm_pseudo_label,0,0,0,0,0,0,0,0,0,0,0,0,0,1
53c8f90cfb5fb49177c9cb160e53f17b_clause_001,53c8f90cfb5fb49177c9cb160e53f17b,"DATAKEY, INC.","[""Party Identification""]","[""Party Identification""]","[""Party Identification""]","[""Party Identification""]",0.98,0.99,1.0,0.99,1.0,HIGH_CONFIDENCE,"The text identifies a party (Datakey, Inc.) involved in the agreement. | The clause text names DATAKEY, INC., which serves to identify one of the parties to the agreement. | The text identifies a specific entity, which is a core component of party id",llm_pseudo_label,1,0,0,0,0,0,0,0,0,0,0,0,0,0
53c8f90cfb5fb49177c9cb160e53f17b_clause_002,53c8f90cfb5fb49177c9cb160e53f17b,"MUTUAL NONDISCLOSURE AGREEMENT
EFFECTIVE DATE: August 3, 2004
PARTIES:
 SafeNet, Inc (the “Company”)
 4690 Millennium Drive
 Belcamp, MD 21017
 Datakey, Inc. (“Datakey”)
 407 West Travelers Trail
 Burnsville, MN 55337-2558
RECITALS:
 A. The Company and Datakey are commencing discussions regarding a potential corporate transaction (the “Transaction”).
 B. In order to facilitate the negotiations regarding such Transaction, each party may disclose to the other party certain information, including
confidential information, owned by the disclosing party which the disclosing party is willing to disclose to the other party in reliance on the
execution of this Agreement.
AGREEMENT:
 In consideration of the covenants contained herein and the disclosure of the confidential information, the parties agree as follows:","[""Party Identification"", ""Purpose"", ""NDA Type"", ""Term and Termination""]","[""Party Identification"", ""Purpose"", ""NDA Type""]","[""Party Identification"", ""Purpose"", ""NDA Type""]","[""NDA Type"", ""Purpose"", ""Party Identification""]",0.95,0.98,1.0,0.9767,0.8333,HIGH_CONFIDENCE,"The clause identifies the participating entities, states the mutual nature of the NDA, specifies the evaluation purpose of the transaction, and sets the effective date. | The clause explicitly identifies the parties (SafeNet and Datakey), defines the",llm_pseudo_label,1,1,1,0,0,0,0,0,0,0,0,0,0,0
53c8f90cfb5fb49177c9cb160e53f17b_clause_003,53c8f90cfb5fb49177c9cb160e53f17b,"1. Definition of Confidential Information. For purposes of this Agreement, the term “Confidential Information” includes, but is not limited to,
any information of the disclosing party, whether disclosed orally, in writing, on computer disc or tape or any other method, including any
formula, pattern, compilation, program, device, method, technique or process that: (i) derives independent economic value, actual or potential,
from not being generally known to, and not being readily ascertainable through proper means by, other persons who can obtain economic value
from its disclosure or use, and (ii) is the subject of efforts by the disclosing party that are reasonable under the circumstances to maintain its
secrecy. The receiving party acknowledges that such Confidential Information specifically includes, but is not limited to, trade secrets and
information contained in or relating to computer software programs, technical information, know-how, other confidential processes, information
which relates to the disclosing party’s future products, marketing plans or proposals, financial and sales information, subcontractor and employee
lists, existing, inactive or potential customer lists, and all other customer information. All information which the disclosing party identifies in a
conspicuous place as being “confidential” or “trade secret” shall be presumed to be Confidential Information, unless such information meets one
or more of the tests set forth below in subparagraphs a.-d.
The term Confidential Information as used in this Agreement shall not include any information:
 a. which was in the public domain at the time of disclosure by the disclosing party to the receiving party;
-1-","[""Definition of Confidential Information"", ""Non-Confidential Information""]","[""Definition of Confidential Information"", ""Non-Confidential Information""]","[""Definition of Confidential Information"", ""Non-Confidential Information""]","[""Definition of Confidential Information"", ""Non-Confidential Information""]",0.98,0.98,1.0,0.9867,1.0,HIGH_CONFIDENCE,The clause defines what constitutes Confidential Information while explicitly detailing exceptions for public domain information. | The clause explicitly defines what constitutes Confidential Information and details specific exclusions (such as publi,llm_pseudo_label,0,0,0,1,0,0,1,0,0,0,0,0,0,0
53c8f90cfb5fb49177c9cb160e53f17b_clause_004,53c8f90cfb5fb49177c9cb160e53f17b,"b. which is published or otherwise comes into the public domain after its disclosure to the receiving party through no violation of this
Agreement by the receiving party;
 c. which is disclosed to the receiving party by a third party not under an obligation of confidence to the disclosing party;
 d. which was already in the possession of the receiving party without restriction and prior to disclosure hereunder;
 e. which, as evidenced by contemporaneous documentation, is developed by the receiving party independently of Confidential
Information disclosed by disclosing party and without breach of this Agreement; or
 f. which is required to be disclosed by any law or governmental regulation or produced under order of a court of competent jurisdiction;
provided, however, that the receiving party provides the disclosing party written notice of such request or order as soon as reasonably
practicable so that the disclosing party may attempt to limit such disclosure.
 This Agreement shall govern disclosure of Confidential information for a period of one year from the date hereof, and the obligations of
confidentiality and non-use set forth below shall survive for a period of THREE (3) years from the effective date of this Agreement.","[""Authorized Disclosure"", ""Non-Confidential Information"", ""Term and Termination""]","[""Non-Confidential Information"", ""Authorized Disclosure"", ""Term and Termination""]","[""Non-Confidential Information"", ""Authorized Disclosure"", ""Term and Termination""]","[""Authorized Disclosure"", ""Non-Confidential Information"", ""Term and Termination""]",0.95,0.95,0.98,0.96,1.0,HIGH_CONFIDENCE,"The clause outlines standard exclusions from confidentiality, required legal disclosures, and the duration and survival period of the agreement. | The clause details standard exclusions to confidential information (sections b-e), permitted legal disc",llm_pseudo_label,0,0,0,0,0,1,1,0,0,1,0,0,0,0
