category,clause_count,percentage,doc_frequency,pos_neg_ratio,negative_count
Party Identification,15,7.39,3,1:12.5,188
Purpose,6,2.96,3,1:32.8,197
NDA Type,4,1.97,3,1:49.8,199
Definition of Confidential Information,3,1.48,2,1:66.7,200
Confidentiality Obligations,12,5.91,3,1:15.9,191
Authorized Disclosure,12,5.91,3,1:15.9,191
Non-Confidential Information,3,1.48,2,1:66.7,200
Liability for Damages,3,1.48,1,1:66.7,200
Competition Rights,2,0.99,2,1:100.5,201
Term and Termination,1,0.49,1,1:202.0,202
Intellectual Property,3,1.48,2,1:66.7,200
Employees,3,1.48,2,1:66.7,200
Governing Law and Jurisdiction,5,2.46,2,1:39.6,198
Additional Information,157,77.34,7,1:0.3,46
