document_id,v1_clause_count,v2_clause_count,v1_min_clause_length,v2_min_clause_length,v1_short_clause_count,v2_short_clause_count,v1_suspicious_count,v2_suspicious_count,v1_boundary_count,v2_boundary_count,status
0859334b76224ff82c1312ae7b2b5da1,15,31,42,34,0,0,1,1,32,32,REVIEW
0a42e159b33ed521c4157d8babfaf3c1,25,18,52,157,0,0,1,1,17,17,REVIEW
0b59dfc4ce9b40b0c39759dc1ade14bc,26,22,50,50,0,0,1,1,23,23,REVIEW
2268c5d1120f1abd57170d689f496418,13,15,9,97,1,0,1,1,14,14,REVIEW
247166e0245431dcf97ee884f1f07e35,10,13,72,153,0,0,0,0,12,12,OK
266929af5f5b1ddb4018f2633cb96e24,12,11,134,158,0,0,1,1,10,10,REVIEW
293f59373f6a966b13cd7463b4617a6f,31,44,12,32,1,0,1,1,44,44,REVIEW
3504e06a49433c1456720513186da1bd,6,4,65,112,0,0,1,1,3,3,REVIEW
4fd432d8ce6796dabc17d3838d8539a2,18,16,111,305,0,0,1,1,15,15,REVIEW
5180f107324abcab9d9ff81aee2db8d3,13,1,1,15138,4,0,5,1,0,0,HIGH_RISK
53c8f90cfb5fb49177c9cb160e53f17b,11,14,63,61,0,0,1,1,13,13,REVIEW
586c367e2c45ebd8b7ba96fcb6006bf6,46,25,34,42,0,0,1,1,27,27,REVIEW
64303e5aa502b04df2755968eecdc2f5,13,15,39,132,0,0,1,1,14,14,REVIEW
9a5cb31024ad0a7a4916e4f122ebea4a,72,52,30,28,0,0,1,1,54,54,REVIEW
b82a10c42fc284dba9870ac7c75cd386,5,5,854,854,0,0,1,1,4,4,REVIEW
c58882f7f9c693e3f6c11d0f945f395e,14,11,99,197,0,0,1,1,10,10,REVIEW
d4566b17b742d10442e98756b95a2730,26,21,36,36,0,0,1,1,21,21,REVIEW
d714d261edc4d361e7d2ebabccaada50,39,20,31,55,0,0,1,1,19,19,REVIEW
e52e4a136a4bb5c859dc6d056f47c743,29,33,37,37,0,0,1,1,32,32,REVIEW
f28c4f3d35a152dd415f9b255122cb38,49,27,1,81,7,0,8,1,26,26,REVIEW
