document_id,clause_id,clause_text,length,segment_type
0a42e159b33ed521c4157d8babfaf3c1,0a42e159b33ed521c4157d8babfaf3c1_clause_007,AGREEMENT,9,section_heading
0a42e159b33ed521c4157d8babfaf3c1,0a42e159b33ed521c4157d8babfaf3c1_clause_041,CORGENIX U.K. LTD.,18,fragment
0a42e159b33ed521c4157d8babfaf3c1,0a42e159b33ed521c4157d8babfaf3c1_clause_042,"WESCOR, INC.",12,fragment
0a42e159b33ed521c4157d8babfaf3c1,0a42e159b33ed521c4157d8babfaf3c1_clause_055,2,1,fragment
2268c5d1120f1abd57170d689f496418,2268c5d1120f1abd57170d689f496418_clause_000,Exhibit A,9,header
2268c5d1120f1abd57170d689f496418,2268c5d1120f1abd57170d689f496418_clause_024,17,2,fragment
247166e0245431dcf97ee884f1f07e35,247166e0245431dcf97ee884f1f07e35_clause_019,Signed:  -24-,13,fragment
293f59373f6a966b13cd7463b4617a6f,293f59373f6a966b13cd7463b4617a6f_clause_000,EXHIBIT 10.1,12,header
293f59373f6a966b13cd7463b4617a6f,293f59373f6a966b13cd7463b4617a6f_clause_052,THOMAS ZALLER,13,section_heading
3504e06a49433c1456720513186da1bd,3504e06a49433c1456720513186da1bd_clause_013,(SIGNATURE),11,section_heading
5180f107324abcab9d9ff81aee2db8d3,5180f107324abcab9d9ff81aee2db8d3_clause_009,4,1,fragment
53c8f90cfb5fb49177c9cb160e53f17b,53c8f90cfb5fb49177c9cb160e53f17b_clause_001,"DATAKEY, INC.",13,fragment
53c8f90cfb5fb49177c9cb160e53f17b,53c8f90cfb5fb49177c9cb160e53f17b_clause_015,"DATAKEY, INC.",13,fragment
53c8f90cfb5fb49177c9cb160e53f17b,53c8f90cfb5fb49177c9cb160e53f17b_clause_021,Its  President -4-,18,fragment
64303e5aa502b04df2755968eecdc2f5,64303e5aa502b04df2755968eecdc2f5_clause_000,EXHIBIT B,9,header
64303e5aa502b04df2755968eecdc2f5,64303e5aa502b04df2755968eecdc2f5_clause_022,15,2,fragment
9a5cb31024ad0a7a4916e4f122ebea4a,9a5cb31024ad0a7a4916e4f122ebea4a_clause_002,EXHIBIT 10.3,12,header
9a5cb31024ad0a7a4916e4f122ebea4a,9a5cb31024ad0a7a4916e4f122ebea4a_clause_071,"SAVVIS, INC.",12,fragment
9a5cb31024ad0a7a4916e4f122ebea4a,9a5cb31024ad0a7a4916e4f122ebea4a_clause_073,Name: Title:,12,fragment
b82a10c42fc284dba9870ac7c75cd386,b82a10c42fc284dba9870ac7c75cd386_clause_011,Exhibit A,9,header
f28c4f3d35a152dd415f9b255122cb38,f28c4f3d35a152dd415f9b255122cb38_clause_059,2,1,fragment
