document_id,clause_id,clause_text,length,reason
0859334b76224ff82c1312ae7b2b5da1,0859334b76224ff82c1312ae7b2b5da1_clause_000,EX-99.15 2 exhibit-ndaexecutionversion.htm,42,header_or_title
0a42e159b33ed521c4157d8babfaf3c1,0a42e159b33ed521c4157d8babfaf3c1_clause_000,EX-10.3 5 a10-14025_1ex10d3.htm EX-10.3 Exhibit 10.3,52,header_or_title
0b59dfc4ce9b40b0c39759dc1ade14bc,0b59dfc4ce9b40b0c39759dc1ade14bc_clause_000,EX-99.(E)(13) 10 a2082556zex-99_e13.htm EXHIBIT 99(E)(13) QuickLinks -- Click here to rapidly navigate through this document Exhibit (e)(13),140,header_or_title
2268c5d1120f1abd57170d689f496418,2268c5d1120f1abd57170d689f496418_clause_000,Exhibit A,9,short_<=20_chars; header_or_title
266929af5f5b1ddb4018f2633cb96e24,266929af5f5b1ddb4018f2633cb96e24_clause_000,"EX-10.13 3 y31303a1exv10w13.htm EX-10.13: NON-CIRCUMVENTION/NON-DISCLOSURE AGREEMENT  Exhibit 10.13 Non-Circumvention/Non-Disclosure Agreement  This Non-Circumvention/Non-Disclosure Agreement is made as of this 1st day of January 2004, by and between Flow Capital Advisors, Inc., having is principal place of business at 3727 Pine Lake Drive, Weston, FL 33332 (hereinafter “Finder”), and JAG Media Holdings, Inc., having its principal place of business at 6865 SW 18th Street, Suite B-13 Boca Raton, Florida 33433 (“hereinafter “Jag”).",535,header_or_title
293f59373f6a966b13cd7463b4617a6f,293f59373f6a966b13cd7463b4617a6f_clause_000,EXHIBIT 10.1,12,short_<=20_chars; header_or_title
293f59373f6a966b13cd7463b4617a6f,293f59373f6a966b13cd7463b4617a6f_clause_001,"FULL AND GENERAL MUTUAL RELEASE, SETTLEMENT AND CONFIDENTIALITY AGREEMENT This FULL AND GENERAL RELEASE, , Settlement and Confidentiality Agreement (hereinafter this “Agreement”) is entered into between RMS TITANIC, INC. (“RMST”) and PREMIER EXHIBITIONS, INC. (“Premier”, and hereinafter collectively with RMST referred to as “the Company”), and THOMAS ZALLER (“Zaller”), IMAGINE EXHIBITIONS, INC., a Georgia corporation (“Imagine-Georgia”), IMAGINE EXHIBITIONS, INC., a Nevada corporation (“Imagine-Nevada”), IMAGINE EXHIBITIONS PTE, LTD. (“Imagine PTE”), and TZ, INC. (collectively, “Imagine”) and KINGSMEN EXHIBITS PTE LTD. and its parent company, KINGSMEN CREATIVE, LTD. (collectively “Kingsmen”) and altogether collectively referred to as the “Parties.”  WHEREAS, RMST and Premier, are Florida corporations whose principal places of business are in Atlanta, Georgia, and who present museum quality exhibitions featuring artifacts recovered from the wreck site of the RMS Titanic (“the RMST Exhibition”); and  WHEREAS, on or about June 13, 2011 the Company entered into an agreement to present the RMST Exhibition in Singapore;  WHEREAS, Zaller is a former employee of the Company who resides in Atlanta, Georgia, and who is the CEO and sole shareholder for Imagine-Georgia, Imagine-Nevada, Imagine PTE, and TZ, Inc. (collectively, “Imagine”), which companies are engaged in the entertainment business, and, among other things, provide exhibitions at museums and other public venues, including their own Titanic exhibition (“the Imagine Exhibition”); and  WHEREAS, Kingsmen are Singapore companies whose business operations include the design, production and construction of interiors, including for exhibitions; and,  WHEREAS, RMST, TZ, Inc., Imagine PTE, Zaller and Kingsmen were all involved in the staging and presentation of the RMST Exhibition in Singapore in 2011 and 2012, and during which time RMST alleges that it provided Zaller and Kingsmen certain trade secrets, intellectual property and other confidential and proprietary information solely for use in the Singapore exhibition; and  WHEREAS, following the period when the RMST Exhibition was being presented in Singapore, Imagine-PTE and Kingsmen entered into an agreement for the presentation of the Imagine Exhibition in Macau, and presented the Imagine Exhibition in Macau on or about October 22, 2012 through March 31, 2013; and  WHEREAS, a dispute exists between the parties as to whether Zaller, Imagine and Kingsmen misappropriated and used trade secrets, intellectual property, and/or proprietary information of the Company, and improperly copied the trade dress of the RMST Exhibition in the Imagine Exhibition; and  WHEREAS, Imagine, Zaller and Kingsmen have denied that they have misappropriated or used any trade secrets, intellectual property and/or proprietary information that the Company claims to own and have continued to market and promote their Imagine Exhibition throughout the world (the “Existing Imagine Exhibition”); and  WHEREAS, the Company filed a civil action in the United States District Court for the Northern District of Georgia, Atlanta Division (“the Federal Action”), against Zaller and Imagine (Civil Action No. 1:13cv-00625-WSD) alleging, among other things, breach of contract, fraud and fraudulent inducement, trade dress and Lanham Act violations, and misappropriation of trade secrets; and  2  WHEREAS, Kingsmen instituted a civil action in the High Court of the Republic of Singapore (Suit No.: 365 of 2013) against the Company (“the Singapore Action”), alleging that Kingsmen has not infringed or improperly used any of the Company’s trademarks, trade dress, trade secrets or other intellectual property; and  WHEREAS, the Company filed a civil action in the United States District Court for the Middle District of Florida, Jacksonville Division, against Kingsmen (Case No. 3:13-cv-463-J-20-TEM), (“the Florida Action”), alleging similar claims but which case has been dismissed; and  WHEREAS, the Company has filed a counterclaim in the Singapore Action seeking recovery for damages allegedly sustained from Kingsmen’s activities, and  WHEREAS, Zaller and Imagine deny the allegations asserted against them by the Company, including but not limited to those allegations asserted in the Federal Action; and  WHEREAS, all the parties referenced herein now wish to settle any and all differences and controversies between them, including those set forth, or which could have been set forth in the Federal Action, the Florida Action and the Singapore Action",4567,header_or_title
293f59373f6a966b13cd7463b4617a6f,293f59373f6a966b13cd7463b4617a6f_clause_003,"(2) Kingsmen agrees, represents and warrants that it shall not exhibit or participate in any Titanic-themed exhibition with Zaller or Imagine (excluding the Existing Imagine Exhibition) anywhere for 24 months from the date of execution of this Agreement.",254,header_or_title
293f59373f6a966b13cd7463b4617a6f,293f59373f6a966b13cd7463b4617a6f_clause_004,"(3) Zaller and Imagine agree, represent and warrant that they will not engage or participate in any Titanic-themed exhibitions (excluding the Existing Imagine Exhibition) for 24 months from the date of execution of this Agreement",229,header_or_title
293f59373f6a966b13cd7463b4617a6f,293f59373f6a966b13cd7463b4617a6f_clause_005,"(4) Zaller and Imagine agree, represent and warrant that they will not stage a Titanic-themed Exhibition, including the Existing Imagine Exhibition, in the United States or Canada for 36 months from the date of execution of this Agreement, or Western Europe (defined herein as the United Kingdom, Ireland, France, Germany, Italy, Switzerland, Spain, Portugal, Sweden, Denmark and Norway only) for 24 months from the date of execution of this Agreement.",452,header_or_title
293f59373f6a966b13cd7463b4617a6f,293f59373f6a966b13cd7463b4617a6f_clause_006,"(5) In consideration of the payment set forth in paragraph one (1) above, and for other good and valuable consideration, the receipt of which is hereby acknowledged, the Company, together with its affiliates, subsidiaries, parents, shareholders, officers, principals, employees, directors, agents, insurers, attorneys, and assigns fully, finally, and completely releases, quitclaims and discharges Zaller, Imagine and Kingsmen, their predecessors and successors, present and former affiliates, subsidiaries, legal representatives, heirs, spouses, executors, administrators, insurers, employees, officers, directors, shareholders, attorneys, independent contractors and agents from each and every present, past or future claim, debt, demand, judgment, cause of action, rights, damages, costs or suits, responsibility and liability of every kind and character whatsoever, known or unknown, suspected or unsuspected, now existing,  4  whether based on statute, federal law, common law, international law, tort, contract, or any other theory of recovery, pertaining to all matters which are, have been or may have been or could have been the subject of and/or in connection with the Federal Court Action, the Florida Action, the Singapore Action or arising out of and/or in connection with any RMST Exhibition, and from any and all alleged breaches and damages between the parties, which existed up to the date of execution of this Agreement. Further or additionally, the Company shall write to Las Vegas Sands Corporation, the Venetian in Macau and Marina Bay Sands in Singapore notifying them that the disputes between the Company and Zaller/Imagine/Kingsmen have been fully and finally resolved with Zaller, Imagine and Kingsmen denying any liability to the Company and making no admissions with respect to the resolution of the dispute (“the Sands Letter”). A draft of the Sands Letter shall first be sent to Zaller, Imagine and Kingsmen prior to it being sent and within seven (7) days of the date of payment set forth in paragraph 1. The Sands Letter shall be sent by the Company within seven (7) days of approval of the draft by Zaller, Imagine and Kingsmen.",2161,header_or_title
293f59373f6a966b13cd7463b4617a6f,293f59373f6a966b13cd7463b4617a6f_clause_008,"(7) In consideration of the dismissal of the Federal Court Action, the counterclaim in the Singapore Action, the aforesaid releases, and other good and valuable consideration, Zaller, Imagine and Kingsmen, and their heirs, spouses, executors, administrators, affiliated companies,  5  subsidiaries, current and former officers, directors, managers, shareholders, members, employees, agents, attorneys, and their insurers, representatives, successors and assigns, do fully and finally, completely release, quitclaim and discharge the Company, its predecessors and successors, present and former affiliates, subsidiaries, officers, directors, shareholders, members, employees, attorneys, insurers, and agents from each and every present, past or future claim, debt, demand, judgment, cause of action, rights, damages, costs, or suits, responsibility and liability of every kind and character whatsoever, known or unknown, suspected or unsuspected, now existing, whether based on statute, federal law, common law, international law, tort, contract, or any other theory of recovery, pertaining to the Company, including as to the RMST Exhibitions, and for all actions or inactions including, but not limited to, all claims and counts set forth in the Singapore Action, and/or arising out of or otherwise related to the incident(s) referenced in the above-identified litigation, including without limitation, all rights or claims that also could have been asserted in the Federal Court Action, the Florida Action, or the Singapore Action, and from all alleged breaches and  damages between the parties which existed up to the date of execution of this Agreement, whether known or unknown. Kingsmen further agrees that, within five (5) days of execution of this Agreement, it will together with the Company’s Singapore lawyers, dismiss with prejudice its claims and the Company’s counterclaims in the Singapore Action, each party therein to bear its own costs and attorneys’ fees.",1974,header_or_title
293f59373f6a966b13cd7463b4617a6f,293f59373f6a966b13cd7463b4617a6f_clause_023,"(1) IMAGINE EXHIBITIONS, INC., a Georgia corporation  By:  Title:  Date:  11",76,header_or_title
293f59373f6a966b13cd7463b4617a6f,293f59373f6a966b13cd7463b4617a6f_clause_024,"(2) IMAGINE EXHIBITIONS, INC., a Nevada corporation  By:  Title:  Date:",71,header_or_title
293f59373f6a966b13cd7463b4617a6f,293f59373f6a966b13cd7463b4617a6f_clause_025,"(3) IMAGINE EXHIBITIONS PTE, Ltd.  By:  Title:  Date:",53,header_or_title
293f59373f6a966b13cd7463b4617a6f,293f59373f6a966b13cd7463b4617a6f_clause_027,"(6) PREMIER EXHIBITIONS, INC.  By:  Title:  Date:  12",53,header_or_title
293f59373f6a966b13cd7463b4617a6f,293f59373f6a966b13cd7463b4617a6f_clause_029,"(8) KINGSMEN EXHIBITS PTE, LTD.  By:  Title:  Date:",51,header_or_title
3504e06a49433c1456720513186da1bd,3504e06a49433c1456720513186da1bd_clause_000,"EX-10.8 18 g20786exv10w8.htm EX-10.8 Exhibit 10.8 (ANSON LOGO) Client Confidentiality & Non-Disclosure Agreement This Agreement by and between TechniScan Medical Systems, Inc. (hereinafter referred to as “Client”) and The Anson Group, LLC (hereinafter referred to as “Anson”), shall govern the conditions of disclosure of confidential information relating to Client’s business (“the Information”). The Information includes all oral and written information, regardless of medium, disclosed to Anson by Client that is labeled or otherwise identified as confidential. With regard to the Information, Anson hereby agrees:",617,header_or_title
4fd432d8ce6796dabc17d3838d8539a2,4fd432d8ce6796dabc17d3838d8539a2_clause_000,"EX-99.(D)(3) 10 dex99d3.htm CONFIDENTIALITY AND STANDSTILL AGREEMENT Exhibit (d)(3) March 16, 2010 Somanetics Corporation 1653 East Maple Road Troy, MI 48083 Ladies and Gentlemen: In connection with our possible interest in a transaction involving the acquisition of Somanetics Corporation (the “Company”), you are furnishing us or our representatives with certain information which is either non-public, confidential or proprietary in nature. All information furnished to us or our representatives by the Company or any of its employees, representatives, agents or advisors (including attorneys, accountants and financial advisors), shall be considered confidential and proprietary, and together with analyses, compilations, forecasts, studies or other documents prepared by us, our agents, advisors (including attorneys, accountants and financial advisors), representatives or employees which contain such information, is hereinafter referred to as the “Information”. In consideration of the Company furnishing us with the Information, we agree that:",1052,header_or_title
5180f107324abcab9d9ff81aee2db8d3,5180f107324abcab9d9ff81aee2db8d3_clause_000,"EX-99.(E).(3) 5 d443014dex99e3.htm CONFIDENTIALITY AGREEMENT BETWEEN SUN PHARMACEUTICAL INDUSTRIES, INC. Exhibit (e)(3) May 11, 2012",132,header_or_title
5180f107324abcab9d9ff81aee2db8d3,5180f107324abcab9d9ff81aee2db8d3_clause_002,1,1,short_<=20_chars; only_numbers; only_section_numbers; page_numbers
5180f107324abcab9d9ff81aee2db8d3,5180f107324abcab9d9ff81aee2db8d3_clause_004,2,1,short_<=20_chars; only_numbers; only_section_numbers; page_numbers
5180f107324abcab9d9ff81aee2db8d3,5180f107324abcab9d9ff81aee2db8d3_clause_006,3,1,short_<=20_chars; only_numbers; only_section_numbers; page_numbers
5180f107324abcab9d9ff81aee2db8d3,5180f107324abcab9d9ff81aee2db8d3_clause_012,4,1,short_<=20_chars; only_numbers; only_section_numbers; page_numbers
53c8f90cfb5fb49177c9cb160e53f17b,53c8f90cfb5fb49177c9cb160e53f17b_clause_000,"EX-99.D.4 13 w01967iexv99wdw4.htm EXHIBIT (D)(4)  DATAKEY, INC.",63,header_or_title
586c367e2c45ebd8b7ba96fcb6006bf6,586c367e2c45ebd8b7ba96fcb6006bf6_clause_000,EX-10.48 15 dex1048.htm CONFIDENTIALITY AND ASSIGNMENT OF PROPRIETARY DEVELOPMENTS,82,header_or_title
586c367e2c45ebd8b7ba96fcb6006bf6,586c367e2c45ebd8b7ba96fcb6006bf6_clause_001,"AGREEMENT Exhibit 10.48 LOGO  October 5, 2007  Christopher C. Gallen, MD, PhD  TELEPHONE: 484.533.6900 Email: cgallen@neuromed.com Schedule “B” C. Eugene Wright, III 16 Carhart Court Pittstown, New Jersey 08867 Dear Eugene:  Re: Confidentiality and Assignment of Proprietary Developments Agreement The purpose of this exhibit is to describe and record the Agreement between you and Neuromed Pharmaceuticals Inc. (“Company”) concerning the terms on which you, as an employee of Company, will protect and keep confidential certain information received during your employment with Company and pursuant to which you agree to assign certain Proprietary Developments to Company. As an essential element of the Company’s offer of employment to you, you hereby agree to be bound by the following:",788,header_or_title
64303e5aa502b04df2755968eecdc2f5,64303e5aa502b04df2755968eecdc2f5_clause_000,"EXHIBIT B  NON-DISCLOSURE AGREEMENT  THIS NON-DISCLOSURE AGREEMENT (this “Agreement”), is made and entered into as of the date on which it is fully executed, as indicated by signatures below, by and among Naugatuck Valley Financial Corporation (the “Company”), the Stilwell Group (composed of Stilwell Value Partners II, L.P., Stilwell Value Partners VII, L.P., Stilwell Partners, L.P., Stilwell Value LLC, Stilwell Activist Fund, L.P., Stilwell Activist Investments, L.P., and Joseph Stilwell, an individual, and their employees and representatives), and ______________, a director whose name was placed in nomination by the Stilwell Group (“Director”).  WHEREAS, the Director is a member of the Board of Directors of the Company and its wholly owned subsidiary, Naugatuck Valley Savings and Loan (the “Bank”);  WHEREAS, the Company, the Stilwell Group and the Director have agreed that it is in their mutual interests to enter into this Agreement as hereinafter described.  NOW THEREFORE, for good and valuable consideration, and intending to be legally bound hereby, the parties hereto mutually agree as follows:",1115,header_or_title
9a5cb31024ad0a7a4916e4f122ebea4a,9a5cb31024ad0a7a4916e4f122ebea4a_clause_000,"EX-10.3 2 dex103.htm FORM OF EMPLOYMENT, CONFIDENTIALITY, SEVERANCE AND NON-",76,header_or_title
9a5cb31024ad0a7a4916e4f122ebea4a,9a5cb31024ad0a7a4916e4f122ebea4a_clause_001,COMPETITION AGREEMENT  EXHIBIT 10.3,35,header_or_title
b82a10c42fc284dba9870ac7c75cd386,b82a10c42fc284dba9870ac7c75cd386_clause_000,"EX-10.29 4 cxw-ex1029_421.htm EX-10.29  Exhibit 10.29 [CoreCivic Letterhead]  December 31, 2017  Harley G. Lappin CoreCivic, Inc. 10 Burton Hills Boulevard Nashville, TN 37215  Re: Non-Competition, Non-Solicitation and Confidentiality and Non-Disclosure during your “at-will” employment with CoreCivic of Tennessee, LLC (""Employer"")  Mr. Lappin:  As we've discussed, you previously notified CoreCivic, Inc. (""CoreCivic"" and, collectively with Employer, the ""Company"") of your intention to retire from your position as Executive Vice President and Chief Corrections Officer effective January 1, 2018. Your Employment Agreement with the Company expires effective December 31, 2017. However, notwithstanding the expiration of your Employment Agreement, the Company desires that you continue your employment with Employer as an ""at will"" employee on terms and conditions established from time to time by the Employer.  This letter is to clarify and confirm that, in consideration of Employer continuing your employment on an ""at will” basis with an annual salary of $175,000.00, which shall be payable in accordance with Employer’s normal payroll practices, you agree to be bound by and to comply with the provisions regarding non-competition, non-solicitation and confidentiality and non-disclosure set forth on Exhibit A accompanying this letter.  Please confirm your acknowledgement of and agreement with the foregoing by reviewing and signing this letter in the space provided below.  Very truly yours, CORECIVIC, INC.  By: /s/ Damon T. Hininger  Damon T. Hininger President and Chief Executive Officer  Confirmed and Agreed as of the date written above:  /s/ Harley G. Lappin Harley G. Lappin  Exhibit A  Non-Competition, Non-Solicitation and Confidentiality and Non-Disclosure",1778,header_or_title
b82a10c42fc284dba9870ac7c75cd386,b82a10c42fc284dba9870ac7c75cd386_clause_002,"2. Non-Competition, Non-Solicitation. Employee hereby covenants and agrees that during the term of Employee’s employment with the Company and for a period of one (1) year thereafter, Employee shall not, directly or indirectly: (i) own any interest in, operate, join, control or participate as a partner, director, principal, officer or agent of, enter into the employment of, act as a consultant to, or perform any services for any entity (each a “Competing Entity”) which has material operations which compete with any business in which the Company or any of its subsidiaries is then engaged or, to the then existing knowledge of Employee, proposes to engage; (ii) solicit any customer or client of the Company or any of its subsidiaries, affiliates, (other than on behalf of the Company) with respect to any business in which the Company or any of its subsidiaries or affiliates is then engaged or, to the then existing knowledge of Employee, proposes to engage; or (iii) induce or encourage any employee of the Company or any of its subsidiaries to leave the employ of the Company or any of its subsidiaries; provided, that Employee may, solely as an investment, hold not more than five percent (5%) of the combined voting securities of any publicly-traded corporation or other business entity. The foregoing covenants and agreements of Employee are referred to herein as the “Restrictive Covenant.” Employee acknowledges that Employee has carefully read and considered the provisions of the Restrictive Covenant and, having done so, agrees that the restrictions set forth herein , including without limitation the time period of restriction set forth above, are fair and reasonable and are reasonably required for the protection of the legitimate business and economic interests of the Company. Employee further acknowledges that the Company would not have continued Employee's employment with the Company on an ""at will"" basis absent Employee’s agreement to the foregoing. In the event that, notwithstanding the foregoing, any of the provisions of this Exhibit A or any parts hereof shall be held to be invalid or unenforceable, the remaining provisions or parts hereof shall nevertheless continue to be valid and enforceable as though the invalid or unenforceable portions or parts had not been included herein. In the event that any provision of this Exhibit A relating to the time period and/or the area of restriction, if any, and/or related aspects shall be declared by a court of competent jurisdiction to exceed the maximum restrictiveness such court deems reasonable and enforceable, the time period and/or area of restriction and/or related aspects deemed reasonable and enforceable by such court shall become and thereafter be the maximum restrictions in such regard, and the provisions of the Restrictive Covenant shall remain enforceable to the fullest extent deemed reasonable by such court.",2909,header_or_title
b82a10c42fc284dba9870ac7c75cd386,b82a10c42fc284dba9870ac7c75cd386_clause_003,"3. Confidentiality and Non-Disclosure. In consideration of the continuation of Employee's employment with the Company on an ""at will"" basis, Employee agrees that during the term of employment with the Company and thereafter to hold in confidence the Company's Confidential and Proprietary Information, whether communicated orally or in documentary or other tangible form.  Employee recognizes that the Company has invested considerable amounts of time and money in attaining and developing all of the information described above, and any unauthorized disclosure or release of such Confidential and Proprietary Information in any form would irreparably harm the Company. Notwithstanding the foregoing, nothing in this Exhibit A limits rights of Employee to file a charge or complaint with or from participating in an investigation or proceeding conducted by the Equal Employment Opportunity Commission, National Labor Relations Board, Occupational Safety and Health Administration, the Securities and Exchange Commission, or any other any federal, state or local agency charged with the enforcement of any laws, including providing documents or any other information.",1166,header_or_title
b82a10c42fc284dba9870ac7c75cd386,b82a10c42fc284dba9870ac7c75cd386_clause_004,"4. Equitable Relief. Employee agrees that it would be impossible to adequately compensate the Company and its subsidiaries for the damage suffered by the Company or its subsidiaries as a result of Employee’s breach of any of the covenants and obligations set forth in this Exhibit A. Accordingly, Employee agrees that if Employee breaches any such covenants and obligations, the Company or its subsidiaries may, in addition to any other right or remedy available, obtain an injunction from a court of competent jurisdiction restraining such breach or threatened breach and to specific performance of any such provision of this Exhibit A. Employee further agrees that no bond or other security shall be required in obtaining such equitable relief and Employee hereby consents to the issuance of such injunction and to the ordering of specific performance.",854,header_or_title
c58882f7f9c693e3f6c11d0f945f395e,c58882f7f9c693e3f6c11d0f945f395e_clause_000,"EX-10.22 2 dex1022.htm NON-DISCLOSURE, NON-SOLICITATION AND NON-COMPETITION AGREEMENT EXHIBIT 10.22",99,header_or_title
d4566b17b742d10442e98756b95a2730,d4566b17b742d10442e98756b95a2730_clause_000,EX-99.6 7 dex996.htm MUTUAL NON-DISCLOSURE/CONFIDENTIALITY AGREEMENT Exhibit 6,78,header_or_title
d714d261edc4d361e7d2ebabccaada50,d714d261edc4d361e7d2ebabccaada50_clause_000,EX-10.2 3 exhibit102-confidentiality.htm EXHIBIT 10.2 Exhibit A,63,header_or_title
e52e4a136a4bb5c859dc6d056f47c743,e52e4a136a4bb5c859dc6d056f47c743_clause_000,EX-10.3 6 exhibit10c.htm NON-COMPETITION AND NON-DISCLOSURE AGREEMENT Exhibit 10.3,82,header_or_title
f28c4f3d35a152dd415f9b255122cb38,f28c4f3d35a152dd415f9b255122cb38_clause_000,"EX-99.(E)(2) 3 dex99e2.htm CONFIDENTIALITY AGREEMENT Exhibit (e)(2) [ORTHOVITA LETTERHEAD] January 18, 2011 Bryant Zanko Vice President, Business Development Stryker Corporation 2725 Fairfield Road Kalamazoo, MI 49002 Dear Bryant: You have requested information regarding Orthovita, Inc. (the “Company”, “us” or “we”) in connection with your consideration of a possible negotiated transaction with the Company (a “Possible Transaction”). For purposes of this agreement, the term “Company” includes the Company and its subsidiaries taken as a whole or any business or businesses thereof. In consideration of our furnishing you with the Evaluation Materials (as defined below) you agree as follows: Confidentiality of Evaluation Materials You will treat confidentially any information (whether written or oral) that either we or our financial advisor, J.P. Morgan Securities LLC (the “Financial Advisor”), or our other representatives furnish to you in connection with a Possible Transaction involving the Company, whether furnished before or after the date of this agreement and regardless of the manner in which it is furnished, together with analyses, compilations, studies or other documents prepared by you, or by your representatives (as defined hereinafter) which contain or otherwise reflect such information or your review of, or interest in, the Company (collectively, the “Evaluation Materials”). The term “Evaluation Materials” includes information furnished to you orally or in writing (whatever the form or storage medium) or gathered by inspection, and regardless of whether such information is specifically identified as “confidential” including, but not limited to, all conversations, meetings, negotiations, discussions, internal memoranda, documents and notes involving the Company and the Possible Transaction. The term “Evaluation Materials” does not include information which (i) is or becomes generally available to you or the public other than as a result of a disclosure by you or your representatives, (ii) was or becomes available to you on a non-confidential basis from a source other than the Company or its representatives, provided that to your knowledge, after due inquiry, such source is not prohibited from disclosing such information to you by a contractual, legal or fiduciary obligation to the Company or its representatives or (iii) is independently developed by you without violating your obligations hereunder.",2448,header_or_title
f28c4f3d35a152dd415f9b255122cb38,f28c4f3d35a152dd415f9b255122cb38_clause_002,2,1,short_<=20_chars; only_numbers; only_section_numbers; page_numbers
f28c4f3d35a152dd415f9b255122cb38,f28c4f3d35a152dd415f9b255122cb38_clause_004,3,1,short_<=20_chars; only_numbers; only_section_numbers; page_numbers
f28c4f3d35a152dd415f9b255122cb38,f28c4f3d35a152dd415f9b255122cb38_clause_006,4,1,short_<=20_chars; only_numbers; only_section_numbers; page_numbers
f28c4f3d35a152dd415f9b255122cb38,f28c4f3d35a152dd415f9b255122cb38_clause_008,5,1,short_<=20_chars; only_numbers; only_section_numbers; page_numbers
f28c4f3d35a152dd415f9b255122cb38,f28c4f3d35a152dd415f9b255122cb38_clause_010,6,1,short_<=20_chars; only_numbers; only_section_numbers; page_numbers
f28c4f3d35a152dd415f9b255122cb38,f28c4f3d35a152dd415f9b255122cb38_clause_014,7,1,short_<=20_chars; only_numbers; only_section_numbers; page_numbers
f28c4f3d35a152dd415f9b255122cb38,f28c4f3d35a152dd415f9b255122cb38_clause_019,2,1,short_<=20_chars; only_numbers; only_section_numbers; page_numbers
