experiment_id,confidence_rule,category,precision,recall,f1_score,support,tp,fp,fn,tn
ABL-B,ALL-VALID,Party Identification,0.2717,0.8621,0.4132,29,25,67,4,140
ABL-B,ALL-VALID,Purpose,0.0455,0.2857,0.0784,7,2,42,5,187
ABL-B,ALL-VALID,NDA Type,0.1429,1.0,0.25,1,1,6,0,229
ABL-B,ALL-VALID,Definition of Confidential Information,0.2727,0.7143,0.3947,21,15,40,6,175
ABL-B,ALL-VALID,Confidentiality Obligations,0.283,0.8333,0.4225,18,15,38,3,180
ABL-B,ALL-VALID,Authorized Disclosure,0.2115,0.7857,0.3333,14,11,41,3,181
ABL-B,ALL-VALID,Non-Confidential Information,0.1429,0.7143,0.2381,7,5,30,2,199
ABL-B,ALL-VALID,Liability for Damages,0.1972,0.875,0.3218,16,14,57,2,163
ABL-B,ALL-VALID,Competition Rights,0.2553,0.5455,0.3478,22,12,35,10,179
ABL-B,ALL-VALID,Term and Termination,0.2241,0.8966,0.3586,29,26,90,3,117
ABL-B,ALL-VALID,Intellectual Property,0.22,0.7857,0.3438,14,11,39,3,183
ABL-B,ALL-VALID,Employees,0.2973,0.9167,0.449,24,22,52,2,160
ABL-B,ALL-VALID,Governing Law and Jurisdiction,0.1429,1.0,0.25,7,7,42,0,187
ABL-B,ALL-VALID,Additional Information,0.5669,0.8091,0.6667,110,89,68,21,58
ABL-A,HIGH+MEDIUM_CONFIDENCE,Party Identification,0.2593,0.7241,0.3818,29,21,60,8,147
ABL-A,HIGH+MEDIUM_CONFIDENCE,Purpose,0.0227,0.1429,0.0392,7,1,43,6,186
ABL-A,HIGH+MEDIUM_CONFIDENCE,NDA Type,0.0244,1.0,0.0476,1,1,40,0,195
ABL-A,HIGH+MEDIUM_CONFIDENCE,Definition of Confidential Information,0.1858,1.0,0.3134,21,21,92,0,123
ABL-A,HIGH+MEDIUM_CONFIDENCE,Confidentiality Obligations,0.1977,0.9444,0.3269,18,17,69,1,149
ABL-A,HIGH+MEDIUM_CONFIDENCE,Authorized Disclosure,0.1585,0.9286,0.2708,14,13,69,1,153
ABL-A,HIGH+MEDIUM_CONFIDENCE,Non-Confidential Information,0.0893,0.7143,0.1587,7,5,51,2,178
ABL-A,HIGH+MEDIUM_CONFIDENCE,Liability for Damages,0.1416,1.0,0.2481,16,16,97,0,123
ABL-A,HIGH+MEDIUM_CONFIDENCE,Competition Rights,0.2344,0.6818,0.3488,22,15,49,7,165
ABL-A,HIGH+MEDIUM_CONFIDENCE,Term and Termination,0.2164,1.0,0.3558,29,29,105,0,102
ABL-A,HIGH+MEDIUM_CONFIDENCE,Intellectual Property,0.11,0.7857,0.193,14,11,89,3,133
ABL-A,HIGH+MEDIUM_CONFIDENCE,Employees,0.1923,0.8333,0.3125,24,20,84,4,128
ABL-A,HIGH+MEDIUM_CONFIDENCE,Governing Law and Jurisdiction,0.1458,1.0,0.2545,7,7,41,0,188
ABL-A,HIGH+MEDIUM_CONFIDENCE,Additional Information,0.5826,0.6091,0.5956,110,67,48,43,78
ABL-A_HIGH_ONLY,HIGH_CONFIDENCE_ONLY,Party Identification,0.2676,0.6552,0.38,29,19,52,10,155
ABL-A_HIGH_ONLY,HIGH_CONFIDENCE_ONLY,Purpose,0.0588,0.4286,0.1034,7,3,48,4,181
ABL-A_HIGH_ONLY,HIGH_CONFIDENCE_ONLY,NDA Type,0.0135,1.0,0.0267,1,1,73,0,162
ABL-A_HIGH_ONLY,HIGH_CONFIDENCE_ONLY,Definition of Confidential Information,0.1489,1.0,0.2593,21,21,120,0,95
ABL-A_HIGH_ONLY,HIGH_CONFIDENCE_ONLY,Confidentiality Obligations,0.1604,0.9444,0.2742,18,17,89,1,129
ABL-A_HIGH_ONLY,HIGH_CONFIDENCE_ONLY,Authorized Disclosure,0.0864,1.0,0.1591,14,14,148,0,74
ABL-A_HIGH_ONLY,HIGH_CONFIDENCE_ONLY,Non-Confidential Information,0.0459,0.7143,0.0862,7,5,104,2,125
ABL-A_HIGH_ONLY,HIGH_CONFIDENCE_ONLY,Liability for Damages,0.1119,0.9375,0.2,16,15,119,1,101
ABL-A_HIGH_ONLY,HIGH_CONFIDENCE_ONLY,Competition Rights,0.2154,0.6364,0.3218,22,14,51,8,163
ABL-A_HIGH_ONLY,HIGH_CONFIDENCE_ONLY,Term and Termination,0.2,0.931,0.3293,29,27,108,2,99
ABL-A_HIGH_ONLY,HIGH_CONFIDENCE_ONLY,Intellectual Property,0.1134,0.7857,0.1982,14,11,86,3,136
ABL-A_HIGH_ONLY,HIGH_CONFIDENCE_ONLY,Employees,0.2105,0.6667,0.32,24,16,60,8,152
ABL-A_HIGH_ONLY,HIGH_CONFIDENCE_ONLY,Governing Law and Jurisdiction,0.1373,1.0,0.2414,7,7,44,0,185
ABL-A_HIGH_ONLY,HIGH_CONFIDENCE_ONLY,Additional Information,0.5962,0.5636,0.5794,110,62,42,48,84
