epoch,train_loss,val_loss,macro_f1,micro_f1,weighted_f1,minority_f1,hamming_loss,mcc,duration_sec,is_best
1,0.7987,0.9513,0.4829,0.5722,0.5566,0.5008,0.0865,0.4307,40.1,True
2,0.15,0.8236,0.5501,0.5924,0.5946,0.5763,0.0839,0.4972,39.75,True
3,0.0744,0.9266,0.4989,0.5879,0.5803,0.5193,0.0855,0.4493,39.84,False
4,0.0482,1.1974,0.5189,0.594,0.5962,0.5541,0.0777,0.4734,40.13,False
5,0.0335,1.2082,0.5306,0.6043,0.6085,0.5595,0.0772,0.4912,40.04,False
6,0.0259,1.4301,0.4979,0.5973,0.5928,0.5181,0.0766,0.4548,39.8,False
7,0.0207,1.3245,0.5465,0.6053,0.606,0.6063,0.0782,0.5044,39.8,False
8,0.0166,1.4167,0.4599,0.581,0.5806,0.448,0.085,0.4132,39.83,False
9,0.0141,1.5794,0.4636,0.5808,0.5764,0.4672,0.0798,0.4168,39.81,False
10,0.0129,1.648,0.4779,0.5895,0.5827,0.4704,0.0777,0.4368,39.82,False
